ConstantPower,duration,latency,measured_voltage,measured_current,measure_latency,latest_measure,DateTime,BMS,circuit,Vcc,Vout,Imon,Vin1,Vin2,Vin3,ADC_Vcc,ADC_Vout,ADC_Imon,ADC_Vin1,ADC_Vin2,ADC_Vin3,load,charge,eng_ignite,dcac,fan,under_voltage,over_voltage,timepoint,SOC,SOH,SOP,SOE,PackVolt,Current,Cell00,Cell01,Cell02,Cell03,Cell04,Cell05,Cell06,Cell07,Cell08,Cell09,Cell10,Cell11,Cell12,Cell13,Cell14,Cell15,Cell16,Cell17,Cell18,Cell19,Cell20,Cell21,Cell22,Cell23,Cell24,Cell25,Cell26,Cell27,MinCellVolt,MaxCellVolt,MaxTemp,MinTemp,error,ChargeOC,DischargeOC,OverTemp,UnderTemp,opmode,opmode_fb,output,output_fb,heat_required,cool_required,OutRad,InRad,HighTemp,LowTemp
0.00,3,19,23.95,0.00,27 ms,2025-04-30 09:26:15.063,2025-04-30 09:26:15.083,2025-04-30 09:26:14.909,2025-04-30 09:26:15.051,4.97,-0.03,-0.03,-6.32,-0.02,-5.29,4.97,2.48,-0.01,1.65,2.48,1.51,0,0,0,0,0,false,false,1745972775052,593,997,0,59,5298,0,3789,3791,3791,3787,3789,3794,3786,3783,3783,3782,3779,3778,3782,3774,0,0,0,0,0,0,0,0,0,0,0,0,0,0,3794,3774,220,220,0,0,0,0,0,true,true,16,32,0,0,0,0,0,0
65.57,1,20,23.95,0.00,27 ms,2025-04-30 09:26:15.063,2025-04-30 09:26:15.277,2025-04-30 09:26:14.909,2025-04-30 09:26:15.051,4.97,-0.03,-0.03,-6.32,-0.02,-5.29,4.97,2.48,-0.01,1.65,2.48,1.51,0,0,0,0,0,false,false,1745972775256,593,997,0,59,5298,0,3789,3791,3791,3787,3789,3794,3786,3783,3783,3782,3779,3778,3782,3774,0,0,0,0,0,0,0,0,0,0,0,0,0,0,3794,3774,220,220,0,0,0,0,0,true,true,16,32,0,0,0,0,0,0
65.57,1,20,23.69,2.67,20 ms,2025-04-30 09:26:15.482,2025-04-30 09:26:15.482,2025-04-30 09:26:14.909,2025-04-30 09:26:15.051,4.97,-0.03,-0.03,-6.32,-0.02,-5.29,4.97,2.48,-0.01,1.65,2.48,1.51,0,0,0,0,0,false,false,1745972775461,593,997,0,59,5298,0,3789,3791,3791,3787,3789,3794,3786,3783,3783,3782,3779,3778,3782,3774,0,0,0,0,0,0,0,0,0,0,0,0,0,0,3794,3774,220,220,0,0,0,0,0,true,true,16,32,0,0,0,0,0,0
65.57,1,20,23.69,2.70,20 ms,2025-04-30 09:26:15.667,2025-04-30 09:26:15.683,2025-04-30 09:26:15.513,2025-04-30 09:26:15.521,4.97,0.04,-0.02,-6.29,-0.01,-5.29,4.97,2.49,-0.01,1.66,2.48,1.51,0,0,0,0,0,false,false,1745972775657,593,997,0,59,5296,0,3789,3791,3791,3775,3789,3794,3787,3779,3771,3783,3779,3778,3782,3775,0,0,0,0,0,0,0,0,0,0,0,0,0,0,3794,3771,220,220,0,0,0,0,0,true,true,16,32,0,0,0,0,0,0
65.57,1,20,23.69,2.74,20 ms,2025-04-30 09:26:15.850,2025-04-30 09:26:15.881,2025-04-30 09:26:15.513,2025-04-30 09:26:15.521,4.97,0.04,-0.02,-6.29,-0.01,-5.29,4.97,2.49,-0.01,1.66,2.48,1.51,0,0,0,0,0,false,false,1745972775860,593,997,0,59,5296,0,3789,3791,3791,3775,3789,3794,3787,3779,3771,3783,3779,3778,3782,3775,0,0,0,0,0,0,0,0,0,0,0,0,0,0,3794,3771,220,220,0,0,0,0,0,true,true,16,32,0,0,0,0,0,0
65.57,1,20,23.68,2.76,20 ms,2025-04-30 09:26:16.055,2025-04-30 09:26:16.085,2025-04-30 09:26:15.513,2025-04-30 09:26:15.992,4.97,2.63,0.88,-5.07,0.02,-5.30,4.97,2.66,0.47,1.82,2.49,1.51,0,0,0,0,0,false,false,1745972776055,593,997,0,59,5296,0,3789,3791,3791,3775,3789,3794,3787,3779,3771,3783,3779,3778,3782,3775,0,0,0,0,0,0,0,0,0,0,0,0,0,0,3794,3771,220,220,0,0,0,0,0,true,true,16,32,0,0,0,0,0,0
124.59,6,20,23.68,2.76,20 ms,2025-04-30 09:26:16.248,2025-04-30 09:26:16.279,2025-04-30 09:26:16.126,2025-04-30 09:26:15.992,4.97,2.63,0.88,-5.07,0.02,-5.30,4.97,2.66,0.47,1.82,2.49,1.51,0,0,0,0,0,false,false,1745972776258,593,997,0,59,5281,-135,3778,3778,3778,3774,3777,3781,3775,3773,3770,3770,3766,3765,3770,3763,0,0,0,0,0,0,0,0,0,0,0,0,0,0,3781,3763,220,220,0,0,0,0,0,true,true,16,32,0,0,0,0,0,0
124.59,6,20,23.68,2.76,20 ms,2025-04-30 09:26:16.483,2025-04-30 09:26:16.483,2025-04-30 09:26:16.126,2025-04-30 09:26:16.463,4.97,2.64,0.88,-5.03,0.00,-5.31,4.97,2.66,0.47,1.82,2.49,1.50,0,0,0,0,0,false,false,1745972776462,593,997,0,59,5281,-135,3778,3778,3778,3774,3777,3781,3775,3773,3770,3770,3766,3765,3770,3763,0,0,0,0,0,0,0,0,0,0,0,0,0,0,3781,3763,220,220,0,0,0,0,0,true,true,16,32,0,0,0,0,0,0
124.59,6,20,23.46,5.21,20 ms,2025-04-30 09:26:16.676,2025-04-30 09:26:16.676,2025-04-30 09:26:16.126,2025-04-30 09:26:16.463,4.97,2.64,0.88,-5.03,0.00,-5.31,4.97,2.66,0.47,1.82,2.49,1.50,0,0,0,0,0,false,false,1745972776656,593,997,0,59,5281,-135,3778,3778,3778,3774,3777,3781,3775,3773,3770,3770,3766,3765,3770,3763,0,0,0,0,0,0,0,0,0,0,0,0,0,0,3781,3763,220,220,0,0,0,0,0,true,true,16,32,0,0,0,0,0,0
124.59,6,20,23.45,5.24,20 ms,2025-04-30 09:26:16.870,2025-04-30 09:26:16.881,2025-04-30 09:26:16.716,2025-04-30 09:26:16.463,4.97,2.64,0.88,-5.03,0.00,-5.31,4.97,2.66,0.47,1.82,2.49,1.50,0,0,0,0,0,false,false,1745972776859,593,997,0,59,5275,-251,3770,3767,3766,3774,3777,3780,3775,3763,3770,3759,3755,3765,3768,3763,0,0,0,0,0,0,0,0,0,0,0,0,0,0,3780,3755,220,220,0,0,0,0,0,true,true,16,32,0,0,0,0,0,0
124.59,6,20,23.45,5.30,25 ms,2025-04-30 09:26:17.073,2025-04-30 09:26:17.084,2025-04-30 09:26:16.716,2025-04-30 09:26:16.932,4.97,5.02,1.71,-3.59,-0.01,-5.31,4.97,2.82,0.91,2.01,2.48,1.50,0,0,0,0,0,false,false,1745972777058,593,997,0,59,5275,-251,3770,3767,3766,3774,3777,3780,3775,3763,3770,3759,3755,3765,3768,3763,0,0,0,0,0,0,0,0,0,0,0,0,0,0,3780,3755,220,220,0,0,0,0,0,true,true,16,32,0,0,0,0,0,0
124.59,6,20,23.45,5.30,19 ms,2025-04-30 09:26:17.278,2025-04-30 09:26:17.279,2025-04-30 09:26:16.716,2025-04-30 09:26:16.932,4.97,5.02,1.71,-3.59,-0.01,-5.31,4.97,2.82,0.91,2.01,2.48,1.50,0,0,0,0,0,false,false,1745972777259,593,997,0,59,5275,-251,3770,3767,3766,3774,3777,3780,3775,3763,3770,3759,3755,3765,3768,3763,0,0,0,0,0,0,0,0,0,0,0,0,0,0,3780,3755,220,220,0,0,0,0,0,true,true,16,32,0,0,0,0,0,0
124.59,6,20,23.45,5.30,20 ms,2025-04-30 09:26:17.473,2025-04-30 09:26:17.483,2025-04-30 09:26:17.319,2025-04-30 09:26:17.401,4.97,5.12,1.73,-4.01,-0.01,-5.32,4.97,2.82,0.92,1.96,2.48,1.50,0,0,0,0,0,false,false,1745972777463,593,997,0,59,5264,-257,3766,3766,3766,3761,3764,3768,3763,3762,3758,3757,3754,3753,3757,3751,0,0,0,0,0,0,0,0,0,0,0,0,0,0,3768,3751,220,220,0,0,0,0,0,true,true,16,32,0,0,0,0,0,0
124.59,6,20,23.45,5.30,20 ms,2025-04-30 09:26:17.664,2025-04-30 09:26:17.684,2025-04-30 09:26:17.319,2025-04-30 09:26:17.401,4.97,5.12,1.73,-4.01,-0.01,-5.32,4.97,2.82,0.92,1.96,2.48,1.50,0,0,0,0,0,false,false,1745972777654,593,997,0,59,5264,-257,3766,3766,3766,3761,3764,3768,3763,3762,3758,3757,3754,3753,3757,3751,0,0,0,0,0,0,0,0,0,0,0,0,0,0,3768,3751,220,220,0,0,0,0,0,true,true,16,32,0,0,0,0,0,0
124.59,6,20,23.45,5.30,20 ms,2025-04-30 09:26:17.858,2025-04-30 09:26:17.878,2025-04-30 09:26:17.319,2025-04-30 09:26:17.870,4.97,5.07,1.73,-3.58,-0.00,-5.33,4.97,2.82,0.92,2.01,2.49,1.50,0,0,0,0,0,false,false,1745972777858,593,997,0,59,5264,-257,3766,3766,3766,3761,3764,3768,3763,3762,3758,3757,3754,3753,3757,3751,0,0,0,0,0,0,0,0,0,0,0,0,0,0,3768,3751,220,220,0,0,0,0,0,true,true,16,32,0,0,0,0,0,0
124.59,6,20,23.45,5.30,24 ms,2025-04-30 09:26:18.082,2025-04-30 09:26:18.082,2025-04-30 09:26:17.919,2025-04-30 09:26:17.870,4.97,5.07,1.73,-3.58,-0.00,-5.33,4.97,2.82,0.92,2.01,2.49,1.50,0,0,0,0,0,false,false,1745972778058,593,997,0,59,5264,-257,3766,3765,3766,3761,3764,3767,3763,3762,3757,3757,3753,3753,3757,3751,0,0,0,0,0,0,0,0,0,0,0,0,0,0,3767,3751,220,220,0,0,0,0,0,true,true,16,32,0,0,0,0,0,0
124.59,6,20,23.45,5.30,20 ms,2025-04-30 09:26:18.265,2025-04-30 09:26:18.276,2025-04-30 09:26:17.919,2025-04-30 09:26:17.870,4.97,5.07,1.73,-3.58,-0.00,-5.33,4.97,2.82,0.92,2.01,2.49,1.50,0,0,0,0,0,false,false,1745972778255,593,997,0,59,5264,-257,3766,3765,3766,3761,3764,3767,3763,3762,3757,3757,3753,3753,3757,3751,0,0,0,0,0,0,0,0,0,0,0,0,0,0,3767,3751,220,220,0,0,0,0,0,true,true,16,32,0,0,0,0,0,0
124.59,6,20,23.45,5.30,19 ms,2025-04-30 09:26:18.479,2025-04-30 09:26:18.480,2025-04-30 09:26:17.919,2025-04-30 09:26:18.347,4.97,5.07,1.73,-3.75,-0.02,-5.34,4.97,2.82,0.92,1.99,2.48,1.50,0,0,0,0,0,false,false,1745972778459,593,997,0,59,5264,-257,3766,3765,3766,3761,3764,3767,3763,3762,3757,3757,3753,3753,3757,3751,0,0,0,0,0,0,0,0,0,0,0,0,0,0,3767,3751,220,220,0,0,0,0,0,true,true,16,32,0,0,0,0,0,0
124.59,6,20,23.44,5.30,20 ms,2025-04-30 09:26:18.674,2025-04-30 09:26:18.684,2025-04-30 09:26:18.521,2025-04-30 09:26:18.347,4.97,5.07,1.73,-3.75,-0.02,-5.34,4.97,2.82,0.92,1.99,2.48,1.50,0,0,0,0,0,false,false,1745972778654,593,997,0,59,5263,-257,3766,3765,3765,3761,3764,3767,3763,3761,3757,3757,3753,3752,3756,3750,0,0,0,0,0,0,0,0,0,0,0,0,0,0,3767,3750,220,220,0,0,0,0,0,true,true,16,32,0,0,0,0,0,0
124.59,6,20,23.45,5.30,20 ms,2025-04-30 09:26:18.857,2025-04-30 09:26:18.877,2025-04-30 09:26:18.521,2025-04-30 09:26:18.816,4.97,5.10,1.72,-3.85,0.00,-5.34,4.97,2.82,0.92,1.98,2.49,1.50,0,0,0,0,0,false,false,1745972778857,593,997,0,59,5263,-257,3766,3765,3765,3761,3764,3767,3763,3761,3757,3757,3753,3752,3756,3750,0,0,0,0,0,0,0,0,0,0,0,0,0,0,3767,3750,220,220,0,0,0,0,0,true,true,16,32,0,0,0,0,0,0
124.59,6,20,23.45,5.30,20 ms,2025-04-30 09:26:19.071,2025-04-30 09:26:19.082,2025-04-30 09:26:18.521,2025-04-30 09:26:18.816,4.97,5.10,1.72,-3.85,0.00,-5.34,4.97,2.82,0.92,1.98,2.49,1.50,0,0,0,0,0,false,false,1745972779061,593,997,0,59,5263,-257,3766,3765,3765,3761,3764,3767,3763,3761,3757,3757,3753,3752,3756,3750,0,0,0,0,0,0,0,0,0,0,0,0,0,0,3767,3750,220,220,0,0,0,0,0,true,true,16,32,0,0,0,0,0,0
124.59,6,20,23.45,5.30,20 ms,2025-04-30 09:26:19.265,2025-04-30 09:26:19.284,2025-04-30 09:26:19.132,2025-04-30 09:26:18.816,4.97,5.10,1.72,-3.85,0.00,-5.34,4.97,2.82,0.92,1.99,2.48,1.50,0,0,0,0,0,false,false,1745972779255,593,997,0,59,5263,-257,3765,3765,3764,3760,3763,3767,3762,3761,3757,3756,3753,3752,3756,3750,0,0,0,0,0,0,0,0,0,0,0,0,0,0,3767,3750,220,220,0,0,0,0,0,true,true,16,32,0,0,0,0,0,0
124.59,6,20,23.44,5.30,20 ms,2025-04-30 09:26:19.479,2025-04-30 09:26:19.480,2025-04-30 09:26:19.132,2025-04-30 09:26:19.284,4.97,5.07,1.73,-3.74,-0.02,-5.35,4.97,2.82,0.92,1.99,2.48,1.50,0,0,0,0,0,false,false,1745972779459,593,997,0,59,5263,-257,3765,3765,3764,3760,3763,3767,3762,3761,3757,3756,3753,3752,3756,3750,0,0,0,0,0,0,0,0,0,0,0,0,0,0,3767,3750,220,220,0,0,0,0,0,true,true,16,32,0,0,0,0,0,0
124.59,6,20,23.45,5.30,20 ms,2025-04-30 09:26:19.663,2025-04-30 09:26:19.683,2025-04-30 09:26:19.132,2025-04-30 09:26:19.284,4.97,5.07,1.73,-3.74,-0.02,-5.35,4.97,2.82,0.92,1.99,2.48,1.50,0,0,0,0,0,false,false,1745972779653,593,997,0,59,5263,-257,3765,3765,3764,3760,3763,3767,3762,3761,3757,3756,3753,3752,3756,3750,0,0,0,0,0,0,0,0,0,0,0,0,0,0,3767,3750,220,220,0,0,0,0,0,true,true,16,32,0,0,0,0,0,0
124.59,6,20,23.45,5.30,20 ms,2025-04-30 09:26:19.866,2025-04-30 09:26:19.876,2025-04-30 09:26:19.725,2025-04-30 09:26:19.754,4.97,5.12,1.73,-3.87,-0.01,-5.36,4.97,2.82,0.92,1.98,2.48,1.49,0,0,0,0,0,false,false,1745972779856,593,997,0,59,5262,-257,3765,3764,3764,3760,3763,3766,3762,3761,3757,3756,3753,3752,3756,3750,0,0,0,0,0,0,0,0,0,0,0,0,0,0,3766,3750,220,220,0,0,0,0,0,true,true,16,32,0,0,0,0,0,0
124.59,6,20,23.44,5.30,20 ms,2025-04-30 09:26:20.059,2025-04-30 09:26:20.080,2025-04-30 09:26:19.725,2025-04-30 09:26:19.754,4.97,5.12,1.73,-3.87,-0.01,-5.36,4.97,2.82,0.92,1.98,2.48,1.49,0,0,0,0,0,false,false,1745972780059,593,997,0,59,5262,-257,3765,3764,3764,3760,3763,3766,3762,3761,3757,3756,3753,3752,3756,3750,0,0,0,0,0,0,0,0,0,0,0,0,0,0,3766,3750,220,220,0,0,0,0,0,true,true,16,32,0,0,0,0,0,0
124.59,6,20,23.44,5.30,20 ms,2025-04-30 09:26:20.272,2025-04-30 09:26:20.282,2025-04-30 09:26:19.725,2025-04-30 09:26:20.224,4.97,5.09,1.73,-3.81,-0.01,-5.37,4.97,2.82,0.92,1.98,2.48,1.49,0,0,0,0,0,false,false,1745972780262,593,997,0,59,5262,-257,3765,3764,3764,3760,3763,3766,3762,3761,3757,3756,3753,3752,3756,3750,0,0,0,0,0,0,0,0,0,0,0,0,0,0,3766,3750,220,220,0,0,0,0,0,true,true,16,32,0,0,0,0,0,0
124.59,6,20,23.45,5.30,20 ms,2025-04-30 09:26:20.476,2025-04-30 09:26:20.476,2025-04-30 09:26:20.323,2025-04-30 09:26:20.224,4.97,5.09,1.73,-3.81,-0.01,-5.37,4.97,2.82,0.92,1.98,2.48,1.49,0,0,0,0,0,false,false,1745972780456,593,997,0,59,5262,-257,3765,3764,3764,3760,3763,3766,3762,3760,3756,3756,3753,3751,3756,3750,0,0,0,0,0,0,0,0,0,0,0,0,0,0,3766,3750,220,220,0,0,0,0,0,true,true,16,32,0,0,0,0,0,0
124.59,6,20,23.45,5.30,20 ms,2025-04-30 09:26:20.669,2025-04-30 09:26:20.680,2025-04-30 09:26:20.323,2025-04-30 09:26:20.224,4.97,5.09,1.73,-3.81,-0.01,-5.37,4.97,2.82,0.92,1.98,2.48,1.49,0,0,0,0,0,false,false,1745972780659,593,997,0,59,5262,-257,3765,3764,3764,3760,3763,3766,3762,3760,3756,3756,3753,3751,3756,3750,0,0,0,0,0,0,0,0,0,0,0,0,0,0,3766,3750,220,220,0,0,0,0,0,true,true,16,32,0,0,0,0,0,0
124.59,6,20,23.44,5.30,20 ms,2025-04-30 09:26:20.872,2025-04-30 09:26:20.883,2025-04-30 09:26:20.323,2025-04-30 09:26:20.701,4.97,5.06,1.73,-3.73,-0.00,-5.38,4.97,2.82,0.92,1.99,2.49,1.49,0,0,0,0,0,false,false,1745972780862,593,997,0,59,5262,-257,3765,3764,3764,3760,3763,3766,3762,3760,3756,3756,3753,3751,3756,3750,0,0,0,0,0,0,0,0,0,0,0,0,0,0,3766,3750,220,220,0,0,0,0,0,true,true,16,32,0,0,0,0,0,0
124.59,6,20,23.45,5.30,20 ms,2025-04-30 09:26:21.056,2025-04-30 09:26:21.077,2025-04-30 09:26:20.923,2025-04-30 09:26:20.701,4.97,5.06,1.73,-3.73,-0.00,-5.38,4.97,2.82,0.92,1.99,2.49,1.49,0,0,0,0,0,false,false,1745972781056,593,997,0,59,5262,-257,3764,3764,3764,3760,3763,3766,3761,3760,3756,3756,3752,3751,3756,3749,0,0,0,0,0,0,0,0,0,0,0,0,0,0,3766,3749,220,220,0,0,0,0,0,true,true,16,32,0,0,0,0,0,0
124.59,6,20,23.45,5.30,20 ms,2025-04-30 09:26:21.261,2025-04-30 09:26:21.282,2025-04-30 09:26:20.923,2025-04-30 09:26:21.179,4.97,5.09,1.73,-3.87,-0.02,-5.39,4.97,2.82,0.92,1.98,2.48,1.49,0,0,0,0,0,false,false,1745972781261,593,997,0,59,5262,-257,3764,3764,3764,3760,3763,3766,3761,3760,3756,3756,3752,3751,3756,3749,0,0,0,0,0,0,0,0,0,0,0,0,0,0,3766,3749,220,220,0,0,0,0,0,true,true,16,32,0,0,0,0,0,0
124.59,6,20,23.45,5.30,20 ms,2025-04-30 09:26:21.468,2025-04-30 09:26:21.488,2025-04-30 09:26:20.923,2025-04-30 09:26:21.179,4.97,5.09,1.73,-3.87,-0.02,-5.39,4.97,2.82,0.92,1.98,2.48,1.49,0,0,0,0,0,false,false,1745972781457,593,997,0,59,5262,-257,3764,3764,3764,3760,3763,3766,3761,3760,3756,3756,3752,3751,3756,3749,0,0,0,0,0,0,0,0,0,0,0,0,0,0,3766,3749,220,220,0,0,0,0,0,true,true,16,32,0,0,0,0,0,0
124.59,6,20,23.45,5.30,20 ms,2025-04-30 09:26:21.661,2025-04-30 09:26:21.678,2025-04-30 09:26:21.527,2025-04-30 09:26:21.659,4.97,5.10,1.73,-3.73,0.01,-5.39,4.97,2.82,0.92,1.99,2.49,1.49,0,0,0,0,0,false,false,1745972781661,593,997,0,59,5262,-257,3764,3764,3764,3760,3763,3766,3761,3760,3756,3756,3753,3751,3756,3750,0,0,0,0,0,0,0,0,0,0,0,0,0,0,3766,3750,220,220,0,0,0,0,0,true,true,16,32,0,0,0,0,0,0
124.59,6,20,23.44,5.30,20 ms,2025-04-30 09:26:21.876,2025-04-30 09:26:21.877,2025-04-30 09:26:21.527,2025-04-30 09:26:21.659,4.97,5.10,1.73,-3.73,0.01,-5.39,4.97,2.82,0.92,1.99,2.49,1.49,0,0,0,0,0,false,false,1745972781856,593,997,0,59,5262,-257,3764,3764,3764,3760,3763,3766,3761,3760,3756,3756,3753,3751,3756,3750,0,0,0,0,0,0,0,0,0,0,0,0,0,0,3766,3750,220,220,0,0,0,0,0,true,true,16,32,0,0,0,0,0,0
124.59,6,20,23.45,5.30,20 ms,2025-04-30 09:26:22.069,2025-04-30 09:26:22.080,2025-04-30 09:26:21.527,2025-04-30 09:26:21.659,4.97,5.10,1.73,-3.73,0.01,-5.39,4.97,2.82,0.92,1.99,2.49,1.49,0,0,0,0,0,false,false,1745972782059,593,997,0,59,5262,-257,3764,3764,3764,3760,3763,3766,3761,3760,3756,3756,3753,3751,3756,3750,0,0,0,0,0,0,0,0,0,0,0,0,0,0,3766,3750,220,220,0,0,0,0,0,true,true,16,32,0,0,0,0,0,0
124.59,6,20,23.45,5.30,20 ms,2025-04-30 09:26:22.255,2025-04-30 09:26:22.276,2025-04-30 09:26:22.131,2025-04-30 09:26:22.141,4.97,5.08,1.72,-3.90,-0.01,-5.40,4.97,2.82,0.92,1.97,2.48,1.49,0,0,0,0,0,false,false,1745972782255,593,997,0,59,5262,-257,3764,3764,3764,3760,3763,3766,3761,3760,3756,3756,3752,3751,3756,3750,0,0,0,0,0,0,0,0,0,0,0,0,0,0,3766,3750,220,220,0,0,0,0,0,true,true,16,32,0,0,0,0,0,0
124.96,1,20,23.45,5.30,20 ms,2025-04-30 09:26:22.460,2025-04-30 09:26:22.479,2025-04-30 09:26:22.131,2025-04-30 09:26:22.141,4.97,5.08,1.72,-3.90,-0.01,-5.40,4.97,2.82,0.92,1.97,2.48,1.49,0,0,0,0,0,false,false,1745972782460,593,997,0,59,5262,-257,3764,3764,3764,3760,3763,3766,3761,3760,3756,3756,3752,3751,3756,3750,0,0,0,0,0,0,0,0,0,0,0,0,0,0,3766,3750,220,220,0,0,0,0,0,true,true,16,32,0,0,0,0,0,0
124.96,1,20,23.44,5.30,20 ms,2025-04-30 09:26:22.653,2025-04-30 09:26:22.685,2025-04-30 09:26:22.131,2025-04-30 09:26:22.621,4.97,5.05,1.73,-3.56,-0.02,-5.41,4.97,2.82,0.92,2.02,2.48,1.49,0,0,0,0,0,false,false,1745972782653,593,997,0,59,5262,-257,3764,3764,3764,3760,3763,3766,3761,3760,3756,3756,3752,3751,3756,3750,0,0,0,0,0,0,0,0,0,0,0,0,0,0,3766,3750,220,220,0,0,0,0,0,true,true,16,32,0,0,0,0,0,0
124.96,1,20,23.45,5.33,20 ms,2025-04-30 09:26:22.877,2025-04-30 09:26:22.878,2025-04-30 09:26:22.735,2025-04-30 09:26:22.621,4.97,5.05,1.73,-3.56,-0.02,-5.41,4.97,2.82,0.92,2.02,2.48,1.49,0,0,0,0,0,false,false,1745972782857,593,997,0,59,5262,-257,3764,3764,3764,3760,3763,3766,3761,3760,3756,3756,3752,3751,3755,3750,0,0,0,0,0,0,0,0,0,0,0,0,0,0,3766,3750,220,220,0,0,0,0,0,true,true,16,32,0,0,0,0,0,0
124.96,1,20,23.44,5.33,20 ms,2025-04-30 09:26:23.071,2025-04-30 09:26:23.082,2025-04-30 09:26:22.735,2025-04-30 09:26:22.621,4.97,5.05,1.73,-3.56,-0.02,-5.41,4.97,2.82,0.92,2.02,2.48,1.49,0,0,0,0,0,false,false,1745972783061,593,997,0,59,5262,-257,3764,3764,3764,3760,3763,3766,3761,3760,3756,3756,3752,3751,3755,3750,0,0,0,0,0,0,0,0,0,0,0,0,0,0,3766,3750,220,220,0,0,0,0,0,true,true,16,32,0,0,0,0,0,0
124.96,1,20,23.44,5.33,24 ms,2025-04-30 09:26:23.265,2025-04-30 09:26:23.285,2025-04-30 09:26:22.735,2025-04-30 09:26:23.091,4.97,5.11,1.73,-3.77,-0.02,-5.42,4.97,2.82,0.92,1.99,2.48,1.48,0,0,0,0,0,false,false,1745972783255,593,997,0,59,5262,-257,3764,3764,3764,3760,3763,3766,3761,3760,3756,3756,3752,3751,3755,3750,0,0,0,0,0,0,0,0,0,0,0,0,0,0,3766,3750,220,220,0,0,0,0,0,true,true,16,32,0,0,0,0,0,0
124.08,1,20,23.45,5.30,20 ms,2025-04-30 09:26:23.468,2025-04-30 09:26:23.479,2025-04-30 09:26:23.325,2025-04-30 09:26:23.091,4.97,5.11,1.73,-3.77,-0.02,-5.42,4.97,2.82,0.92,1.99,2.48,1.48,0,0,0,0,0,false,false,1745972783458,593,997,0,59,5261,-258,3764,3764,3764,3760,3762,3766,3761,3760,3756,3755,3751,3751,3755,3749,0,0,0,0,0,0,0,0,0,0,0,0,0,0,3766,3749,220,220,0,0,0,0,0,true,true,16,32,0,0,0,0,0,0
124.08,1,20,23.45,5.30,20 ms,2025-04-30 09:26:23.661,2025-04-30 09:26:23.682,2025-04-30 09:26:23.325,2025-04-30 09:26:23.561,4.97,5.06,1.74,-3.75,-0.01,-5.43,4.97,2.82,0.93,1.99,2.48,1.48,0,0,0,0,0,false,false,1745972783661,593,997,0,59,5261,-258,3764,3764,3764,3760,3762,3766,3761,3760,3756,3755,3751,3751,3755,3749,0,0,0,0,0,0,0,0,0,0,0,0,0,0,3766,3749,220,220,0,0,0,0,0,true,true,16,32,0,0,0,0,0,0
124.08,1,20,23.45,5.30,19 ms,2025-04-30 09:26:23.865,2025-04-30 09:26:23.876,2025-04-30 09:26:23.325,2025-04-30 09:26:23.561,4.97,5.06,1.74,-3.75,-0.01,-5.43,4.97,2.82,0.93,1.99,2.48,1.48,0,0,0,0,0,false,false,1745972783855,593,997,0,59,5261,-258,3764,3764,3764,3760,3762,3766,3761,3760,3756,3755,3751,3751,3755,3749,0,0,0,0,0,0,0,0,0,0,0,0,0,0,3766,3749,220,220,0,0,0,0,0,true,true,16,32,0,0,0,0,0,0
124.08,1,20,23.45,5.30,21 ms,2025-04-30 09:26:24.048,2025-04-30 09:26:24.079,2025-04-30 09:26:23.936,2025-04-30 09:26:24.038,4.97,5.12,1.73,-3.96,-0.00,-5.44,4.97,2.82,0.92,1.96,2.49,1.48,0,0,0,0,0,false,false,1745972784058,593,997,0,59,5261,-257,3764,3764,3763,3760,3763,3766,3761,3760,3756,3755,3751,3751,3755,3749,0,0,0,0,0,0,0,0,0,0,0,0,0,0,3766,3749,220,220,0,0,0,0,0,true,true,16,32,0,0,0,0,0,0
124.08,1,20,23.45,5.30,20 ms,2025-04-30 09:26:24.275,2025-04-30 09:26:24.275,2025-04-30 09:26:23.936,2025-04-30 09:26:24.038,4.97,5.12,1.73,-3.96,-0.00,-5.44,4.97,2.82,0.92,1.96,2.49,1.48,0,0,0,0,0,false,false,1745972784255,593,997,0,59,5261,-257,3764,3764,3763,3760,3763,3766,3761,3760,3756,3755,3751,3751,3755,3749,0,0,0,0,0,0,0,0,0,0,0,0,0,0,3766,3749,220,220,0,0,0,0,0,true,true,16,32,0,0,0,0,0,0
124.56,1,20,23.45,5.30,20 ms,2025-04-30 09:26:24.480,2025-04-30 09:26:24.481,2025-04-30 09:26:23.936,2025-04-30 09:26:24.038,4.97,5.12,1.73,-3.96,-0.00,-5.44,4.97,2.82,0.92,1.96,2.49,1.48,0,0,0,0,0,false,false,1745972784460,593,997,0,59,5261,-257,3764,3764,3763,3760,3763,3766,3761,3760,3756,3755,3751,3751,3755,3749,0,0,0,0,0,0,0,0,0,0,0,0,0,0,3766,3749,220,220,0,0,0,0,0,true,true,16,32,0,0,0,0,0,0
124.56,1,20,23.45,5.30,24 ms,2025-04-30 09:26:24.675,2025-04-30 09:26:24.685,2025-04-30 09:26:24.542,2025-04-30 09:26:24.508,4.97,5.10,1.74,-3.78,-0.01,-5.44,4.97,2.82,0.93,1.99,2.48,1.48,0,0,0,0,0,false,false,1745972784664,593,997,0,59,5261,-257,3764,3763,3763,3760,3762,3766,3761,3760,3756,3755,3752,3751,3755,3749,0,0,0,0,0,0,0,0,0,0,0,0,0,0,3766,3749,220,220,0,0,0,0,0,true,true,16,32,0,0,0,0,0,0
124.56,1,20,23.45,5.30,19 ms,2025-04-30 09:26:24.866,2025-04-30 09:26:24.877,2025-04-30 09:26:24.542,2025-04-30 09:26:24.508,4.97,5.10,1.74,-3.78,-0.01,-5.44,4.97,2.82,0.93,1.99,2.48,1.48,0,0,0,0,0,false,false,1745972784856,593,997,0,59,5261,-257,3764,3763,3763,3760,3762,3766,3761,3760,3756,3755,3752,3751,3755,3749,0,0,0,0,0,0,0,0,0,0,0,0,0,0,3766,3749,220,220,0,0,0,0,0,true,true,16,32,0,0,0,0,0,0
124.56,1,20,23.45,5.30,20 ms,2025-04-30 09:26:25.071,2025-04-30 09:26:25.082,2025-04-30 09:26:24.542,2025-04-30 09:26:24.980,4.97,5.07,1.73,-3.86,0.00,-5.44,4.97,2.82,0.92,1.98,2.49,1.48,0,0,0,0,0,false,false,1745972785060,593,997,0,59,5261,-257,3764,3763,3763,3760,3762,3766,3761,3760,3756,3755,3752,3751,3755,3749,0,0,0,0,0,0,0,0,0,0,0,0,0,0,3766,3749,220,220,0,0,0,0,0,true,true,16,32,0,0,0,0,0,0
124.56,1,20,23.45,5.30,20 ms,2025-04-30 09:26:25.254,2025-04-30 09:26:25.284,2025-04-30 09:26:25.152,2025-04-30 09:26:24.980,4.97,5.07,1.73,-3.86,0.00,-5.44,4.97,2.82,0.92,1.98,2.49,1.48,0,0,0,0,0,false,false,1745972785254,593,997,0,59,5261,-257,3764,3763,3763,3760,3762,3766,3761,3760,3756,3755,3751,3751,3755,3749,0,0,0,0,0,0,0,0,0,0,0,0,0,0,3766,3749,220,220,0,0,0,0,0,true,true,16,32,0,0,0,0,0,0
124.39,1,20,23.45,5.30,20 ms,2025-04-30 09:26:25.467,2025-04-30 09:26:25.488,2025-04-30 09:26:25.152,2025-04-30 09:26:25.458,4.97,5.13,1.73,-4.02,-0.02,-5.45,4.97,2.82,0.93,1.96,2.48,1.48,0,0,0,0,0,false,false,1745972785457,593,997,0,59,5261,-257,3764,3763,3763,3760,3762,3766,3761,3760,3756,3755,3751,3751,3755,3749,0,0,0,0,0,0,0,0,0,0,0,0,0,0,3766,3749,220,220,0,0,0,0,0,true,true,16,32,0,0,0,0,0,0
124.39,1,20,23.45,5.30,20 ms,2025-04-30 09:26:25.682,2025-04-30 09:26:25.682,2025-04-30 09:26:25.152,2025-04-30 09:26:25.458,4.97,5.13,1.73,-4.02,-0.02,-5.45,4.97,2.82,0.93,1.96,2.48,1.48,0,0,0,0,0,false,false,1745972785661,593,997,0,59,5261,-257,3764,3763,3763,3760,3762,3766,3761,3760,3756,3755,3751,3751,3755,3749,0,0,0,0,0,0,0,0,0,0,0,0,0,0,3766,3749,220,220,0,0,0,0,0,true,true,16,32,0,0,0,0,0,0
124.39,1,20,23.45,5.30,20 ms,2025-04-30 09:26:25.866,2025-04-30 09:26:25.877,2025-04-30 09:26:25.743,2025-04-30 09:26:25.458,4.97,5.13,1.73,-4.02,-0.02,-5.45,4.97,2.82,0.93,1.96,2.48,1.48,0,0,0,0,0,false,false,1745972785856,593,997,0,59,5261,-257,3764,3763,3763,3760,3762,3766,3761,3760,3755,3755,3751,3751,3755,3749,0,0,0,0,0,0,0,0,0,0,0,0,0,0,3766,3749,220,220,0,0,0,0,0,true,true,16,32,0,0,0,0,0,0
124.39,1,20,23.45,5.30,20 ms,2025-04-30 09:26:26.061,2025-04-30 09:26:26.082,2025-04-30 09:26:25.743,2025-04-30 09:26:25.926,4.97,5.08,1.73,-3.72,0.00,-5.46,4.97,2.82,0.92,2.00,2.49,1.48,0,0,0,0,0,false,false,1745972786061,593,997,0,59,5261,-257,3764,3763,3763,3760,3762,3766,3761,3760,3755,3755,3751,3751,3755,3749,0,0,0,0,0,0,0,0,0,0,0,0,0,0,3766,3749,220,220,0,0,0,0,0,true,true,16,32,0,0,0,0,0,0
124.39,1,20,23.45,5.30,21 ms,2025-04-30 09:26:26.277,2025-04-30 09:26:26.277,2025-04-30 09:26:25.743,2025-04-30 09:26:25.926,4.97,5.08,1.73,-3.72,0.00,-5.46,4.97,2.82,0.92,2.00,2.49,1.48,0,0,0,0,0,false,false,1745972786256,593,997,0,59,5261,-257,3764,3763,3763,3760,3762,3766,3761,3760,3755,3755,3751,3751,3755,3749,0,0,0,0,0,0,0,0,0,0,0,0,0,0,3766,3749,220,220,0,0,0,0,0,true,true,16,32,0,0,0,0,0,0
124.38,1,20,23.45,5.30,20 ms,2025-04-30 09:26:26.482,2025-04-30 09:26:26.482,2025-04-30 09:26:26.339,2025-04-30 09:26:26.397,4.97,5.08,1.73,-3.76,0.00,-5.47,4.97,2.82,0.92,1.99,2.49,1.47,0,0,0,0,0,false,false,1745972786461,593,997,0,59,5261,-257,3764,3763,3763,3760,3762,3766,3761,3760,3755,3755,3751,3750,3755,3749,0,0,0,0,0,0,0,0,0,0,0,0,0,0,3766,3749,220,220,0,0,0,0,0,true,true,16,32,0,0,0,0,0,0
124.38,1,20,23.45,5.30,21 ms,2025-04-30 09:26:26.675,2025-04-30 09:26:26.685,2025-04-30 09:26:26.339,2025-04-30 09:26:26.397,4.97,5.08,1.73,-3.76,0.00,-5.47,4.97,2.82,0.92,1.99,2.49,1.47,0,0,0,0,0,false,false,1745972786654,593,997,0,59,5261,-257,3764,3763,3763,3760,3762,3766,3761,3760,3755,3755,3751,3750,3755,3749,0,0,0,0,0,0,0,0,0,0,0,0,0,0,3766,3749,220,220,0,0,0,0,0,true,true,16,32,0,0,0,0,0,0
124.38,1,20,23.45,5.30,20 ms,2025-04-30 09:26:26.869,2025-04-30 09:26:26.879,2025-04-30 09:26:26.339,2025-04-30 09:26:26.868,4.97,5.08,1.73,-3.78,-0.01,-5.48,4.97,2.82,0.92,1.99,2.48,1.47,0,0,0,0,0,false,false,1745972786858,593,997,0,59,5261,-257,3764,3763,3763,3760,3762,3766,3761,3760,3755,3755,3751,3750,3755,3749,0,0,0,0,0,0,0,0,0,0,0,0,0,0,3766,3749,220,220,0,0,0,0,0,true,true,16,32,0,0,0,0,0,0
124.38,1,20,23.45,5.30,20 ms,2025-04-30 09:26:27.064,2025-04-30 09:26:27.085,2025-04-30 09:26:26.930,2025-04-30 09:26:26.868,4.97,5.08,1.73,-3.78,-0.01,-5.48,4.97,2.82,0.92,1.99,2.48,1.47,0,0,0,0,0,false,false,1745972787054,593,997,0,59,5261,-257,3764,3763,3763,3760,3762,3766,3760,3759,3755,3755,3751,3750,3754,3748,0,0,0,0,0,0,0,0,0,0,0,0,0,0,3766,3748,220,220,0,0,0,0,0,true,true,16,32,0,0,0,0,0,0
124.38,1,20,23.45,5.30,21 ms,2025-04-30 09:26:27.267,2025-04-30 09:26:27.283,2025-04-30 09:26:26.930,2025-04-30 09:26:26.868,4.97,5.08,1.73,-3.78,-0.01,-5.48,4.97,2.82,0.92,1.99,2.48,1.47,0,0,0,0,0,false,false,1745972787257,593,997,0,59,5261,-257,3764,3763,3763,3760,3762,3766,3760,3759,3755,3755,3751,3750,3754,3748,0,0,0,0,0,0,0,0,0,0,0,0,0,0,3766,3748,220,220,0,0,0,0,0,true,true,16,32,0,0,0,0,0,0
124.21,1,20,23.45,5.30,20 ms,2025-04-30 09:26:27.461,2025-04-30 09:26:27.482,2025-04-30 09:26:26.930,2025-04-30 09:26:27.338,4.97,5.11,1.73,-4.00,-0.01,-5.49,4.97,2.82,0.92,1.96,2.48,1.47,0,0,0,0,0,false,false,1745972787461,593,997,0,59,5261,-257,3764,3763,3763,3760,3762,3766,3760,3759,3755,3755,3751,3750,3754,3748,0,0,0,0,0,0,0,0,0,0,0,0,0,0,3766,3748,220,220,0,0,0,0,0,true,true,16,32,0,0,0,0,0,0
124.21,1,20,23.44,5.30,20 ms,2025-04-30 09:26:27.675,2025-04-30 09:26:27.686,2025-04-30 09:26:27.553,2025-04-30 09:26:27.338,4.97,5.11,1.73,-4.00,-0.01,-5.49,4.97,2.82,0.92,1.96,2.48,1.47,0,0,0,0,0,false,false,1745972787654,592,997,0,59,5261,-257,3764,3763,3763,3760,3761,3766,3760,3759,3755,3755,3751,3750,3754,3749,0,0,0,0,0,0,0,0,0,0,0,0,0,0,3766,3749,220,220,0,0,0,0,0,true,true,16,32,0,0,0,0,0,0
124.21,1,20,23.45,5.30,24 ms,2025-04-30 09:26:27.881,2025-04-30 09:26:27.881,2025-04-30 09:26:27.553,2025-04-30 09:26:27.807,4.97,5.11,1.72,-3.83,0.01,-5.49,4.97,2.82,0.92,1.98,2.49,1.47,0,0,0,0,0,false,false,1745972787856,592,997,0,59,5261,-257,3764,3763,3763,3760,3761,3766,3760,3759,3755,3755,3751,3750,3754,3749,0,0,0,0,0,0,0,0,0,0,0,0,0,0,3766,3749,220,220,0,0,0,0,0,true,true,16,32,0,0,0,0,0,0
124.21,1,20,23.45,5.30,20 ms,2025-04-30 09:26:28.076,2025-04-30 09:26:28.076,2025-04-30 09:26:27.553,2025-04-30 09:26:27.807,4.97,5.11,1.72,-3.83,0.01,-5.49,4.97,2.82,0.92,1.98,2.49,1.47,0,0,0,0,0,false,false,1745972788055,592,997,0,59,5261,-257,3764,3763,3763,3760,3761,3766,3760,3759,3755,3755,3751,3750,3754,3749,0,0,0,0,0,0,0,0,0,0,0,0,0,0,3766,3749,220,220,0,0,0,0,0,true,true,16,32,0,0,0,0,0,0
124.21,1,20,23.45,5.30,24 ms,2025-04-30 09:26:28.280,2025-04-30 09:26:28.280,2025-04-30 09:26:28.146,2025-04-30 09:26:27.807,4.97,5.11,1.72,-3.83,0.01,-5.49,4.97,2.82,0.92,1.98,2.49,1.47,0,0,0,0,0,false,false,1745972788255,592,997,0,59,5260,-257,3764,3763,3763,3760,3761,3766,3760,3759,3755,3754,3751,3750,3754,3748,0,0,0,0,0,0,0,0,0,0,0,0,0,0,3766,3748,220,220,0,0,0,0,0,true,true,16,32,0,0,0,0,0,0
124.53,1,20,23.45,5.30,20 ms,2025-04-30 09:26:28.473,2025-04-30 09:26:28.484,2025-04-30 09:26:28.146,2025-04-30 09:26:28.288,4.97,5.13,1.73,-3.81,-0.01,-5.50,4.97,2.82,0.92,1.98,2.48,1.47,0,0,0,0,0,false,false,1745972788462,592,997,0,59,5260,-257,3764,3763,3763,3760,3761,3766,3760,3759,3755,3754,3751,3750,3754,3748,0,0,0,0,0,0,0,0,0,0,0,0,0,0,3766,3748,220,220,0,0,0,0,0,true,true,16,32,0,0,0,0,0,0
124.53,1,20,23.45,5.30,20 ms,2025-04-30 09:26:28.678,2025-04-30 09:26:28.679,2025-04-30 09:26:28.146,2025-04-30 09:26:28.288,4.97,5.13,1.73,-3.81,-0.01,-5.50,4.97,2.82,0.92,1.98,2.48,1.47,0,0,0,0,0,false,false,1745972788658,592,997,0,59,5260,-257,3764,3763,3763,3760,3761,3766,3760,3759,3755,3754,3751,3750,3754,3748,0,0,0,0,0,0,0,0,0,0,0,0,0,0,3766,3748,220,220,0,0,0,0,0,true,true,16,32,0,0,0,0,0,0
124.53,1,20,23.45,5.30,24 ms,2025-04-30 09:26:28.861,2025-04-30 09:26:28.882,2025-04-30 09:26:28.741,2025-04-30 09:26:28.759,4.97,5.08,1.73,-3.63,-0.01,-5.51,4.97,2.82,0.92,2.01,2.48,1.47,0,0,0,0,0,false,false,1745972788861,592,997,0,59,5260,-257,3764,3763,3763,3759,3761,3765,3760,3759,3755,3754,3751,3750,3754,3748,0,0,0,0,0,0,0,0,0,0,0,0,0,0,3765,3748,220,220,0,0,0,0,0,true,true,16,32,0,0,0,0,0,0
124.53,1,20,23.45,5.30,20 ms,2025-04-30 09:26:29.064,2025-04-30 09:26:29.085,2025-04-30 09:26:28.741,2025-04-30 09:26:28.759,4.97,5.08,1.73,-3.63,-0.01,-5.51,4.97,2.82,0.92,2.01,2.48,1.47,0,0,0,0,0,false,false,1745972789054,592,997,0,59,5260,-257,3764,3763,3763,3759,3761,3765,3760,3759,3755,3754,3751,3750,3754,3748,0,0,0,0,0,0,0,0,0,0,0,0,0,0,3765,3748,220,220,0,0,0,0,0,true,true,16,32,0,0,0,0,0,0
124.53,1,20,23.45,5.30,20 ms,2025-04-30 09:26:29.276,2025-04-30 09:26:29.277,2025-04-30 09:26:28.741,2025-04-30 09:26:29.232,4.97,5.07,1.72,-3.78,-0.00,-5.52,4.97,2.82,0.92,1.99,2.49,1.47,0,0,0,0,0,false,false,1745972789256,592,997,0,59,5260,-257,3764,3763,3763,3759,3761,3765,3760,3759,3755,3754,3751,3750,3754,3748,0,0,0,0,0,0,0,0,0,0,0,0,0,0,3765,3748,220,220,0,0,0,0,0,true,true,16,32,0,0,0,0,0,0
124.90,1,20,23.45,5.30,20 ms,2025-04-30 09:26:29.478,2025-04-30 09:26:29.478,2025-04-30 09:26:29.356,2025-04-30 09:26:29.232,4.97,5.07,1.72,-3.78,-0.00,-5.52,4.97,2.82,0.92,1.99,2.49,1.47,0,0,0,0,0,false,false,1745972789457,592,997,0,59,5260,-257,3764,3763,3763,3759,3761,3766,3760,3759,3755,3754,3751,3750,3754,3748,0,0,0,0,0,0,0,0,0,0,0,0,0,0,3766,3748,220,220,0,0,0,0,0,true,true,16,32,0,0,0,0,0,0
124.90,1,20,23.45,5.33,20 ms,2025-04-30 09:26:29.671,2025-04-30 09:26:29.682,2025-04-30 09:26:29.356,2025-04-30 09:26:29.232,4.97,5.07,1.72,-3.78,-0.00,-5.52,4.97,2.82,0.92,1.99,2.49,1.47,0,0,0,0,0,false,false,1745972789661,592,997,0,59,5260,-257,3764,3763,3763,3759,3761,3766,3760,3759,3755,3754,3751,3750,3754,3748,0,0,0,0,0,0,0,0,0,0,0,0,0,0,3766,3748,220,220,0,0,0,0,0,true,true,16,32,0,0,0,0,0,0
124.90,1,20,23.45,5.33,23 ms,2025-04-30 09:26:29.883,2025-04-30 09:26:29.884,2025-04-30 09:26:29.356,2025-04-30 09:26:29.703,4.97,5.06,1.73,-3.71,-0.02,-5.53,4.97,2.82,0.92,2.00,2.48,1.46,0,0,0,0,0,false,false,1745972789860,592,997,0,59,5260,-257,3764,3763,3763,3759,3761,3766,3760,3759,3755,3754,3751,3750,3754,3748,0,0,0,0,0,0,0,0,0,0,0,0,0,0,3766,3748,220,220,0,0,0,0,0,true,true,16,32,0,0,0,0,0,0
124.90,1,20,23.45,5.33,20 ms,2025-04-30 09:26:30.067,2025-04-30 09:26:30.088,2025-04-30 09:26:29.944,2025-04-30 09:26:29.703,4.97,5.06,1.73,-3.71,-0.02,-5.53,4.97,2.82,0.92,2.00,2.48,1.46,0,0,0,0,0,false,false,1745972790057,592,997,0,59,5260,-258,3764,3763,3763,3758,3761,3765,3760,3759,3754,3754,3750,3750,3754,3748,0,0,0,0,0,0,0,0,0,0,0,0,0,0,3765,3748,220,220,0,0,0,0,0,true,true,16,32,0,0,0,0,0,0
124.90,1,20,23.45,5.33,20 ms,2025-04-30 09:26:30.262,2025-04-30 09:26:30.283,2025-04-30 09:26:29.944,2025-04-30 09:26:30.180,4.97,5.14,1.73,-3.84,-0.00,-5.53,4.97,2.82,0.92,1.98,2.49,1.46,0,0,0,0,0,false,false,1745972790252,592,997,0,59,5260,-258,3764,3763,3763,3758,3761,3765,3760,3759,3754,3754,3750,3750,3754,3748,0,0,0,0,0,0,0,0,0,0,0,0,0,0,3765,3748,220,220,0,0,0,0,0,true,true,16,32,0,0,0,0,0,0
125.37,1,20,23.45,5.33,20 ms,2025-04-30 09:26:30.478,2025-04-30 09:26:30.478,2025-04-30 09:26:29.944,2025-04-30 09:26:30.180,4.97,5.14,1.73,-3.84,-0.00,-5.53,4.97,2.82,0.92,1.98,2.49,1.46,0,0,0,0,0,false,false,1745972790457,592,997,0,59,5260,-258,3764,3763,3763,3758,3761,3765,3760,3759,3754,3754,3750,3750,3754,3748,0,0,0,0,0,0,0,0,0,0,0,0,0,0,3765,3748,220,220,0,0,0,0,0,true,true,16,32,0,0,0,0,0,0
125.37,1,20,23.45,5.33,20 ms,2025-04-30 09:26:30.661,2025-04-30 09:26:30.677,2025-04-30 09:26:30.549,2025-04-30 09:26:30.659,4.97,5.11,1.73,-3.67,0.01,-5.54,4.97,2.82,0.92,2.00,2.49,1.46,0,0,0,0,0,false,false,1745972790661,592,997,0,59,5260,-258,3764,3763,3763,3759,3761,3765,3760,3759,3754,3754,3750,3750,3754,3748,0,0,0,0,0,0,0,0,0,0,0,0,0,0,3765,3748,220,220,0,0,0,0,0,true,true,16,32,0,0,0,0,0,0
125.37,1,20,23.44,5.35,20 ms,2025-04-30 09:26:30.874,2025-04-30 09:26:30.885,2025-04-30 09:26:30.549,2025-04-30 09:26:30.659,4.97,5.11,1.73,-3.67,0.01,-5.54,4.97,2.82,0.92,2.00,2.49,1.46,0,0,0,0,0,false,false,1745972790854,592,997,0,59,5260,-258,3764,3763,3763,3759,3761,3765,3760,3759,3754,3754,3750,3750,3754,3748,0,0,0,0,0,0,0,0,0,0,0,0,0,0,3765,3748,220,220,0,0,0,0,0,true,true,16,32,0,0,0,0,0,0
125.37,1,20,23.44,5.35,20 ms,2025-04-30 09:26:31.077,2025-04-30 09:26:31.078,2025-04-30 09:26:30.549,2025-04-30 09:26:30.659,4.97,5.11,1.73,-3.67,0.01,-5.54,4.97,2.82,0.92,2.00,2.49,1.46,0,0,0,0,0,false,false,1745972791056,592,997,0,59,5260,-258,3764,3763,3763,3759,3761,3765,3760,3759,3754,3754,3750,3750,3754,3748,0,0,0,0,0,0,0,0,0,0,0,0,0,0,3765,3748,220,220,0,0,0,0,0,true,true,16,32,0,0,0,0,0,0
125.37,1,20,23.44,5.35,20 ms,2025-04-30 09:26:31.284,2025-04-30 09:26:31.284,2025-04-30 09:26:31.150,2025-04-30 09:26:31.129,4.97,5.14,1.74,-3.94,-0.00,-5.55,4.97,2.83,0.93,1.97,2.49,1.46,0,0,0,0,0,false,false,1745972791263,592,997,0,59,5260,-259,3764,3762,3762,3758,3761,3765,3759,3759,3754,3754,3750,3750,3754,3748,0,0,0,0,0,0,0,0,0,0,0,0,0,0,3765,3748,220,220,0,0,0,0,0,true,true,16,32,0,0,0,0,0,0
128.28,2,24,23.44,5.35,20 ms,2025-04-30 09:26:31.478,2025-04-30 09:26:31.478,2025-04-30 09:26:31.150,2025-04-30 09:26:31.129,4.97,5.14,1.74,-3.94,-0.00,-5.55,4.97,2.83,0.93,1.97,2.49,1.46,0,0,0,0,0,false,false,1745972791457,592,997,0,59,5260,-259,3764,3762,3762,3758,3761,3765,3759,3759,3754,3754,3750,3750,3754,3748,0,0,0,0,0,0,0,0,0,0,0,0,0,0,3765,3748,220,220,0,0,0,0,0,true,true,16,32,0,0,0,0,0,0
128.28,2,24,23.44,5.35,19 ms,2025-04-30 09:26:31.650,2025-04-30 09:26:31.680,2025-04-30 09:26:31.150,2025-04-30 09:26:31.610,4.97,5.10,1.74,-3.80,-0.02,-5.56,4.97,2.82,0.93,1.98,2.48,1.46,0,0,0,0,0,false,false,1745972791659,592,997,0,59,5260,-259,3764,3762,3762,3758,3761,3765,3759,3759,3754,3754,3750,3750,3754,3748,0,0,0,0,0,0,0,0,0,0,0,0,0,0,3765,3748,220,220,0,0,0,0,0,true,true,16,32,0,0,0,0,0,0
128.28,2,24,23.43,5.47,20 ms,2025-04-30 09:26:31.874,2025-04-30 09:26:31.885,2025-04-30 09:26:31.760,2025-04-30 09:26:31.610,4.97,5.10,1.74,-3.80,-0.02,-5.56,4.97,2.82,0.93,1.98,2.48,1.46,0,0,0,0,0,false,false,1745972791853,592,997,0,59,5259,-260,3763,3762,3762,3758,3761,3765,3759,3758,3754,3754,3750,3749,3753,3748,0,0,0,0,0,0,0,0,0,0,0,0,0,0,3765,3748,220,220,0,0,0,0,0,true,true,16,32,0,0,0,0,0,0
128.28,2,24,23.43,5.47,20 ms,2025-04-30 09:26:32.057,2025-04-30 09:26:32.088,2025-04-30 09:26:31.760,2025-04-30 09:26:32.087,4.97,5.30,1.79,-3.88,-0.00,-5.57,4.97,2.84,0.95,1.97,2.49,1.46,0,0,0,0,0,false,false,1745972792057,592,997,0,59,5259,-260,3763,3762,3762,3758,3761,3765,3759,3758,3754,3754,3750,3749,3753,3748,0,0,0,0,0,0,0,0,0,0,0,0,0,0,3765,3748,220,220,0,0,0,0,0,true,true,16,32,0,0,0,0,0,0
128.28,2,24,23.43,5.47,24 ms,2025-04-30 09:26:32.272,2025-04-30 09:26:32.282,2025-04-30 09:26:31.760,2025-04-30 09:26:32.087,4.97,5.30,1.79,-3.88,-0.00,-5.57,4.97,2.84,0.95,1.97,2.49,1.46,0,0,0,0,0,false,false,1745972792253,592,997,0,59,5259,-260,3763,3762,3762,3758,3761,3765,3759,3758,3754,3754,3750,3749,3753,3748,0,0,0,0,0,0,0,0,0,0,0,0,0,0,3765,3748,220,220,0,0,0,0,0,true,true,16,32,0,0,0,0,0,0
128.28,2,24,23.43,5.47,19 ms,2025-04-30 09:26:32.451,2025-04-30 09:26:32.482,2025-04-30 09:26:32.351,2025-04-30 09:26:32.087,4.97,5.30,1.79,-3.88,-0.00,-5.57,4.97,2.84,0.95,1.97,2.49,1.46,0,0,0,0,0,false,false,1745972792461,592,997,0,59,5258,-265,3763,3761,3761,3758,3760,3764,3759,3758,3753,3753,3750,3749,3753,3747,0,0,0,0,0,0,0,0,0,0,0,0,0,0,3764,3747,220,220,0,0,0,0,0,true,true,16,32,0,0,0,0,0,0
128.28,2,24,23.43,5.47,20 ms,2025-04-30 09:26:32.664,2025-04-30 09:26:32.683,2025-04-30 09:26:32.351,2025-04-30 09:26:32.561,4.97,5.24,1.79,-3.63,-0.02,-5.57,4.97,2.83,0.95,2.01,2.48,1.45,0,0,0,0,0,false,false,1745972792653,592,997,0,59,5258,-265,3763,3761,3761,3758,3760,3764,3759,3758,3753,3753,3750,3749,3753,3747,0,0,0,0,0,0,0,0,0,0,0,0,0,0,3764,3747,220,220,0,0,0,0,0,true,true,16,32,0,0,0,0,0,0
128.28,2,24,23.43,5.47,20 ms,2025-04-30 09:26:32.846,2025-04-30 09:26:32.877,2025-04-30 09:26:32.351,2025-04-30 09:26:32.561,4.97,5.24,1.79,-3.63,-0.02,-5.57,4.97,2.83,0.95,2.01,2.48,1.45,0,0,0,0,0,false,false,1745972792862,592,997,0,59,5258,-265,3763,3761,3761,3758,3760,3764,3759,3758,3753,3753,3750,3749,3753,3747,0,0,0,0,0,0,0,0,0,0,0,0,0,0,3764,3747,220,220,0,0,0,0,0,true,true,16,32,0,0,0,0,0,0
128.28,2,24,23.43,5.47,19 ms,2025-04-30 09:26:33.050,2025-04-30 09:26:33.080,2025-04-30 09:26:32.948,2025-04-30 09:26:33.030,4.97,5.27,1.79,-3.81,-0.01,-5.58,4.97,2.83,0.95,1.98,2.48,1.45,0,0,0,0,0,false,false,1745972793060,592,997,0,59,5258,-265,3763,3761,3761,3757,3760,3764,3759,3758,3753,3753,3750,3748,3753,3746,0,0,0,0,0,0,0,0,0,0,0,0,0,0,3764,3746,220,220,0,0,0,0,0,true,true,16,32,0,0,0,0,0,0
128.28,2,24,23.43,5.47,19 ms,2025-04-30 09:26:33.281,2025-04-30 09:26:33.281,2025-04-30 09:26:32.948,2025-04-30 09:26:33.030,4.97,5.27,1.79,-3.81,-0.01,-5.58,4.97,2.83,0.95,1.98,2.48,1.45,0,0,0,0,0,false,false,1745972793261,592,997,0,59,5258,-265,3763,3761,3761,3757,3760,3764,3759,3758,3753,3753,3750,3748,3753,3746,0,0,0,0,0,0,0,0,0,0,0,0,0,0,3764,3746,220,220,0,0,0,0,0,true,true,16,32,0,0,0,0,0,0
128.11,1,20,23.43,5.47,24 ms,2025-04-30 09:26:33.452,2025-04-30 09:26:33.484,2025-04-30 09:26:32.948,2025-04-30 09:26:33.030,4.97,5.27,1.79,-3.81,-0.01,-5.58,4.97,2.83,0.95,1.98,2.48,1.45,0,0,0,0,0,false,false,1745972793463,592,997,0,59,5258,-265,3763,3761,3761,3757,3760,3764,3759,3758,3753,3753,3750,3748,3753,3746,0,0,0,0,0,0,0,0,0,0,0,0,0,0,3764,3746,220,220,0,0,0,0,0,true,true,16,32,0,0,0,0,0,0
128.11,1,20,23.43,5.47,19 ms,2025-04-30 09:26:33.657,2025-04-30 09:26:33.687,2025-04-30 09:26:33.555,2025-04-30 09:26:33.507,4.97,5.28,1.78,-3.78,-0.01,-5.59,4.97,2.83,0.95,1.99,2.48,1.45,0,0,0,0,0,false,false,1745972793657,592,997,0,59,5258,-265,3763,3761,3761,3757,3760,3764,3759,3757,3753,3753,3750,3748,3753,3747,0,0,0,0,0,0,0,0,0,0,0,0,0,0,3764,3747,220,220,0,0,0,0,0,true,true,16,32,0,0,0,0,0,0
128.11,1,20,23.43,5.47,20 ms,2025-04-30 09:26:33.881,2025-04-30 09:26:33.882,2025-04-30 09:26:33.555,2025-04-30 09:26:33.507,4.97,5.28,1.78,-3.78,-0.01,-5.59,4.97,2.83,0.95,1.99,2.48,1.45,0,0,0,0,0,false,false,1745972793861,592,997,0,59,5258,-265,3763,3761,3761,3757,3760,3764,3759,3757,3753,3753,3750,3748,3753,3747,0,0,0,0,0,0,0,0,0,0,0,0,0,0,3764,3747,220,220,0,0,0,0,0,true,true,16,32,0,0,0,0,0,0
128.11,1,20,23.43,5.47,20 ms,2025-04-30 09:26:34.055,2025-04-30 09:26:34.076,2025-04-30 09:26:33.555,2025-04-30 09:26:33.983,4.97,5.23,1.78,-3.62,-0.01,-5.60,4.97,2.83,0.95,2.01,2.48,1.45,0,0,0,0,0,false,false,1745972794055,592,997,0,59,5258,-265,3763,3761,3761,3757,3760,3764,3759,3757,3753,3753,3750,3748,3753,3747,0,0,0,0,0,0,0,0,0,0,0,0,0,0,3764,3747,220,220,0,0,0,0,0,true,true,16,32,0,0,0,0,0,0
128.11,1,20,23.43,5.47,20 ms,2025-04-30 09:26:34.259,2025-04-30 09:26:34.277,2025-04-30 09:26:34.152,2025-04-30 09:26:33.983,4.97,5.23,1.78,-3.62,-0.01,-5.60,4.97,2.83,0.95,2.01,2.48,1.45,0,0,0,0,0,false,false,1745972794259,592,997,0,59,5258,-265,3762,3761,3761,3757,3760,3764,3759,3757,3753,3753,3749,3748,3753,3747,0,0,0,0,0,0,0,0,0,0,0,0,0,0,3764,3747,220,220,0,0,0,0,0,true,true,16,32,0,0,0,0,0,0
128.11,1,20,23.43,5.48,24 ms,2025-04-30 09:26:34.451,2025-04-30 09:26:34.482,2025-04-30 09:26:34.152,2025-04-30 09:26:34.453,4.97,5.28,1.78,-3.75,-0.02,-5.61,4.97,2.83,0.95,1.99,2.48,1.45,0,0,0,0,0,false,false,1745972794461,592,997,0,59,5258,-265,3762,3761,3761,3757,3760,3764,3759,3757,3753,3753,3749,3748,3753,3747,0,0,0,0,0,0,0,0,0,0,0,0,0,0,3764,3747,220,220,0,0,0,0,0,true,true,16,32,0,0,0,0,0,0
0.00,3,20,23.94,0.08,20 ms,2025-04-30 09:26:34.655,2025-04-30 09:26:34.676,2025-04-30 09:26:34.152,2025-04-30 09:26:34.453,4.97,5.28,1.78,-3.75,-0.02,-5.61,4.97,2.83,0.95,1.99,2.48,1.45,0,0,0,0,0,false,false,1745972794655,592,997,0,59,5258,-265,3762,3761,3761,3757,3760,3764,3759,3757,3753,3753,3749,3748,3753,3747,0,0,0,0,0,0,0,0,0,0,0,0,0,0,3764,3747,220,220,0,0,0,0,0,true,true,16,32,0,0,0,0,0,0
0.00,3,20,23.94,0.08,24 ms,2025-04-30 09:26:34.878,2025-04-30 09:26:34.879,2025-04-30 09:26:34.757,2025-04-30 09:26:34.453,4.97,5.28,1.78,-3.75,-0.02,-5.61,4.97,2.83,0.95,1.99,2.48,1.45,0,0,0,0,0,false,false,1745972794854,592,997,0,59,5273,0,3762,3766,3786,3782,3760,3764,3781,3778,3778,3753,3774,3748,3753,3747,0,0,0,0,0,0,0,0,0,0,0,0,0,0,3786,3747,220,220,0,0,0,0,0,true,true,16,32,0,0,0,0,0,0
0.00,3,20,23.95,0.00,20 ms,2025-04-30 09:26:35.062,2025-04-30 09:26:35.078,2025-04-30 09:26:34.757,2025-04-30 09:26:34.930,4.97,0.01,0.00,-6.31,-0.02,-5.62,4.97,2.49,0.00,1.65,2.48,1.45,0,0,0,0,0,false,false,1745972795062,592,997,0,59,5273,0,3762,3766,3786,3782,3760,3764,3781,3778,3778,3753,3774,3748,3753,3747,0,0,0,0,0,0,0,0,0,0,0,0,0,0,3786,3747,220,220,0,0,0,0,0,true,true,16,32,0,0,0,0,0,0
0.00,3,20,23.95,0.00,20 ms,2025-04-30 09:26:35.246,2025-04-30 09:26:35.276,2025-04-30 09:26:34.757,2025-04-30 09:26:34.930,4.97,0.01,0.00,-6.31,-0.02,-5.62,4.97,2.49,0.00,1.65,2.48,1.45,0,0,0,0,0,false,false,1745972795255,592,997,0,59,5273,0,3762,3766,3786,3782,3760,3764,3781,3778,3778,3753,3774,3748,3753,3747,0,0,0,0,0,0,0,0,0,0,0,0,0,0,3786,3747,220,220,0,0,0,0,0,true,true,16,32,0,0,0,0,0,0
0.00,3,20,23.95,0.00,20 ms,2025-04-30 09:26:35.478,2025-04-30 09:26:35.478,2025-04-30 09:26:35.372,2025-04-30 09:26:35.399,4.97,-0.04,-0.02,-6.33,-0.00,-5.63,4.97,2.48,-0.01,1.65,2.49,1.44,0,0,0,0,0,false,false,1745972795457,592,997,0,59,5293,0,3786,3787,3787,3783,3786,3790,3784,3780,3779,3779,3775,3774,3778,3771,0,0,0,0,0,0,0,0,0,0,0,0,0,0,3790,3771,220,220,0,0,0,0,0,true,true,16,32,0,0,0,0,0,0
0.00,3,20,23.95,0.00,20 ms,2025-04-30 09:26:35.663,2025-04-30 09:26:35.679,2025-04-30 09:26:35.372,2025-04-30 09:26:35.399,4.97,-0.04,-0.02,-6.33,-0.00,-5.63,4.97,2.48,-0.01,1.65,2.49,1.44,0,0,0,0,0,false,false,1745972795653,592,997,0,59,5293,0,3786,3787,3787,3783,3786,3790,3784,3780,3779,3779,3775,3774,3778,3771,0,0,0,0,0,0,0,0,0,0,0,0,0,0,3790,3771,220,220,0,0,0,0,0,true,true,16,32,0,0,0,0,0,0
0.00,3,20,23.95,0.00,23 ms,2025-04-30 09:26:35.852,2025-04-30 09:26:35.883,2025-04-30 09:26:35.372,2025-04-30 09:26:35.875,4.97,-0.04,-0.03,-6.35,-0.02,-5.64,4.97,2.48,-0.01,1.65,2.48,1.44,0,0,0,0,0,false,false,1745972795862,592,997,0,59,5293,0,3786,3787,3787,3783,3786,3790,3784,3780,3779,3779,3775,3774,3778,3771,0,0,0,0,0,0,0,0,0,0,0,0,0,0,3790,3771,220,220,0,0,0,0,0,true,true,16,32,0,0,0,0,0,0
0.00,3,20,23.94,0.00,20 ms,2025-04-30 09:26:36.057,2025-04-30 09:26:36.078,2025-04-30 09:26:35.964,2025-04-30 09:26:35.875,4.97,-0.04,-0.03,-6.35,-0.02,-5.64,4.97,2.48,-0.01,1.65,2.48,1.44,0,0,0,0,0,false,false,1745972796057,592,997,0,59,5294,0,3786,3788,3788,3784,3786,3791,3784,3780,3780,3780,3776,3775,3779,3771,0,0,0,0,0,0,0,0,0,0,0,0,0,0,3791,3771,220,220,0,0,0,0,0,true,true,16,32,0,0,0,0,0,0
0.00,3,20,23.94,0.00,24 ms,2025-04-30 09:26:36.270,2025-04-30 09:26:36.287,2025-04-30 09:26:35.964,2025-04-30 09:26:35.875,4.97,-0.04,-0.03,-6.35,-0.02,-5.64,4.97,2.48,-0.01,1.65,2.48,1.44,0,0,0,0,0,false,false,1745972796259,592,997,0,59,5294,0,3786,3788,3788,3784,3786,3791,3784,3780,3780,3780,3776,3775,3779,3771,0,0,0,0,0,0,0,0,0,0,0,0,0,0,3791,3771,220,220,0,0,0,0,0,true,true,16,32,0,0,0,0,0,0
0.00,3,20,23.95,0.00,19 ms,2025-04-30 09:26:36.453,2025-04-30 09:26:36.484,2025-04-30 09:26:35.964,2025-04-30 09:26:36.351,4.97,-0.07,-0.02,-6.35,-0.02,-5.65,4.97,2.48,-0.01,1.65,2.48,1.44,0,0,0,0,0,false,false,1745972796453,592,997,0,59,5294,0,3786,3788,3788,3784,3786,3791,3784,3780,3780,3780,3776,3775,3779,3771,0,0,0,0,0,0,0,0,0,0,0,0,0,0,3791,3771,220,220,0,0,0,0,0,true,true,16,32,0,0,0,0,0,0
0.00,3,20,23.95,0.00,23 ms,2025-04-30 09:26:36.668,2025-04-30 09:26:36.678,2025-04-30 09:26:36.555,2025-04-30 09:26:36.351,4.97,-0.07,-0.02,-6.35,-0.02,-5.65,4.97,2.48,-0.01,1.65,2.48,1.44,0,0,0,0,0,false,false,1745972796657,592,997,0,59,5295,0,3787,3788,3788,3784,3787,3791,3784,3781,3780,3780,3776,3776,3780,3772,0,0,0,0,0,0,0,0,0,0,0,0,0,0,3791,3772,220,220,0,0,0,0,0,true,true,16,32,0,0,0,0,0,0
0.00,3,20,23.95,0.00,19 ms,2025-04-30 09:26:36.880,2025-04-30 09:26:36.880,2025-04-30 09:26:36.555,2025-04-30 09:26:36.821,4.97,-0.05,-0.02,-6.33,-0.02,-5.65,4.97,2.48,-0.01,1.65,2.48,1.44,0,0,0,0,0,false,false,1745972796860,592,997,0,59,5295,0,3787,3788,3788,3784,3787,3791,3784,3781,3780,3780,3776,3776,3780,3772,0,0,0,0,0,0,0,0,0,0,0,0,0,0,3791,3772,220,220,0,0,0,0,0,true,true,16,32,0,0,0,0,0,0
0.00,3,20,23.95,0.00,20 ms,2025-04-30 09:26:37.064,2025-04-30 09:26:37.084,2025-04-30 09:26:36.555,2025-04-30 09:26:36.821,4.97,-0.05,-0.02,-6.33,-0.02,-5.65,4.97,2.48,-0.01,1.65,2.48,1.44,0,0,0,0,0,false,false,1745972797054,592,997,0,59,5295,0,3787,3788,3788,3784,3787,3791,3784,3781,3780,3780,3776,3776,3780,3772,0,0,0,0,0,0,0,0,0,0,0,0,0,0,3791,3772,220,220,0,0,0,0,0,true,true,16,32,0,0,0,0,0,0
0.00,3,20,23.95,0.00,20 ms,2025-04-30 09:26:37.244,2025-04-30 09:26:37.276,2025-04-30 09:26:37.164,2025-04-30 09:26:36.821,4.97,-0.05,-0.02,-6.33,-0.02,-5.65,4.97,2.48,-0.01,1.65,2.48,1.44,0,0,0,0,0,false,false,1745972797261,592,997,0,59,5296,0,3787,3789,3789,3785,3787,3791,3785,3781,3781,3781,3777,3776,3780,3773,0,0,0,0,0,0,0,0,0,0,0,0,0,0,3791,3773,220,220,0,0,0,0,0,true,true,16,32,0,0,0,0,0,0
0.00,3,20,23.95,0.00,21 ms,2025-04-30 09:26:37.481,2025-04-30 09:26:37.481,2025-04-30 09:26:37.164,2025-04-30 09:26:37.297,4.97,-0.04,-0.02,-6.35,-0.01,-5.66,4.97,2.48,-0.01,1.65,2.48,1.44,0,0,0,0,0,false,false,1745972797460,592,997,0,59,5296,0,3787,3789,3789,3785,3787,3791,3785,3781,3781,3781,3777,3776,3780,3773,0,0,0,0,0,0,0,0,0,0,0,0,0,0,3791,3773,220,220,0,0,0,0,0,true,true,16,32,0,0,0,0,0,0
147.22,3,20,23.95,0.00,19 ms,2025-04-30 09:26:37.674,2025-04-30 09:26:37.685,2025-04-30 09:26:37.164,2025-04-30 09:26:37.297,4.97,-0.04,-0.02,-6.35,-0.01,-5.66,4.97,2.48,-0.01,1.65,2.48,1.44,0,0,0,0,0,false,false,1745972797654,592,997,0,59,5296,0,3787,3789,3789,3785,3787,3791,3785,3781,3781,3781,3777,3776,3780,3773,0,0,0,0,0,0,0,0,0,0,0,0,0,0,3791,3773,220,220,0,0,0,0,0,true,true,16,32,0,0,0,0,0,0
147.22,3,20,23.38,5.93,20 ms,2025-04-30 09:26:37.858,2025-04-30 09:26:37.889,2025-04-30 09:26:37.761,2025-04-30 09:26:37.765,4.97,-0.02,-0.03,-6.34,-0.01,-5.67,4.97,2.48,-0.01,1.65,2.48,1.44,0,0,0,0,0,false,false,1745972797858,592,997,0,59,5296,0,3787,3789,3789,3785,3787,3792,3785,3781,3781,3781,3777,3776,3780,3773,0,0,0,0,0,0,0,0,0,0,0,0,0,0,3792,3773,220,220,0,0,0,0,0,true,true,16,32,0,0,0,0,0,0
147.22,3,20,23.37,6.07,19 ms,2025-04-30 09:26:38.061,2025-04-30 09:26:38.083,2025-04-30 09:26:37.761,2025-04-30 09:26:37.765,4.97,-0.02,-0.03,-6.34,-0.01,-5.67,4.97,2.48,-0.01,1.65,2.48,1.44,0,0,0,0,0,false,false,1745972798061,592,997,0,59,5296,0,3787,3789,3789,3785,3787,3792,3785,3781,3781,3781,3777,3776,3780,3773,0,0,0,0,0,0,0,0,0,0,0,0,0,0,3792,3773,220,220,0,0,0,0,0,true,true,16,32,0,0,0,0,0,0
147.22,3,20,23.36,6.13,24 ms,2025-04-30 09:26:38.256,2025-04-30 09:26:38.277,2025-04-30 09:26:37.761,2025-04-30 09:26:38.234,4.97,5.89,1.98,-3.48,-0.01,-5.67,4.97,2.87,1.06,2.03,2.48,1.44,0,0,0,0,0,false,false,1745972798256,592,997,0,59,5296,0,3787,3789,3789,3785,3787,3792,3785,3781,3781,3781,3777,3776,3780,3773,0,0,0,0,0,0,0,0,0,0,0,0,0,0,3792,3773,220,220,0,0,0,0,0,true,true,16,32,0,0,0,0,0,0
147.22,3,20,23.36,6.27,20 ms,2025-04-30 09:26:38.448,2025-04-30 09:26:38.479,2025-04-30 09:26:38.368,2025-04-30 09:26:38.234,4.97,5.89,1.98,-3.48,-0.01,-5.67,4.97,2.87,1.06,2.03,2.48,1.44,0,0,0,0,0,false,false,1745972798464,592,997,0,59,5257,-305,3761,3760,3760,3755,3760,3763,3758,3757,3751,3751,3749,3748,3752,3745,0,0,0,0,0,0,0,0,0,0,0,0,0,0,3763,3745,220,220,0,0,0,0,0,true,true,16,32,0,0,0,0,0,0
147.22,3,20,23.36,6.31,19 ms,2025-04-30 09:26:38.683,2025-04-30 09:26:38.683,2025-04-30 09:26:38.368,2025-04-30 09:26:38.234,4.97,5.89,1.98,-3.48,-0.01,-5.67,4.97,2.87,1.06,2.03,2.48,1.44,0,0,0,0,0,false,false,1745972798653,592,997,0,59,5257,-305,3761,3760,3760,3755,3760,3763,3758,3757,3751,3751,3749,3748,3752,3745,0,0,0,0,0,0,0,0,0,0,0,0,0,0,3763,3745,220,220,0,0,0,0,0,true,true,16,32,0,0,0,0,0,0
147.22,3,20,23.36,6.31,24 ms,2025-04-30 09:26:38.865,2025-04-30 09:26:38.876,2025-04-30 09:26:38.368,2025-04-30 09:26:38.704,4.97,6.05,2.06,-3.30,0.00,-5.67,4.97,2.89,1.10,2.05,2.49,1.44,0,0,0,0,0,false,false,1745972798855,592,997,0,59,5257,-305,3761,3760,3760,3755,3760,3763,3758,3757,3751,3751,3749,3748,3752,3745,0,0,0,0,0,0,0,0,0,0,0,0,0,0,3763,3745,220,220,0,0,0,0,0,true,true,16,32,0,0,0,0,0,0
147.22,3,20,23.36,6.31,20 ms,2025-04-30 09:26:39.060,2025-04-30 09:26:39.079,2025-04-30 09:26:38.968,2025-04-30 09:26:38.704,4.97,6.05,2.06,-3.30,0.00,-5.67,4.97,2.89,1.10,2.05,2.49,1.44,0,0,0,0,0,false,false,1745972799060,592,997,0,59,5254,-306,3760,3758,3758,3755,3757,3761,3756,3756,3751,3750,3747,3746,3750,3744,0,0,0,0,0,0,0,0,0,0,0,0,0,0,3761,3744,220,220,0,0,0,0,0,true,true,16,32,0,0,0,0,0,0
147.22,3,20,23.36,6.31,20 ms,2025-04-30 09:26:39.263,2025-04-30 09:26:39.284,2025-04-30 09:26:38.968,2025-04-30 09:26:39.183,4.97,6.08,2.07,-3.24,-0.01,-5.68,4.97,2.89,1.10,2.06,2.48,1.44,0,0,0,0,0,false,false,1745972799253,592,997,0,59,5254,-306,3760,3758,3758,3755,3757,3761,3756,3756,3751,3750,3747,3746,3750,3744,0,0,0,0,0,0,0,0,0,0,0,0,0,0,3761,3744,220,220,0,0,0,0,0,true,true,16,32,0,0,0,0,0,0
147.22,3,20,23.35,6.31,20 ms,2025-04-30 09:26:39.476,2025-04-30 09:26:39.476,2025-04-30 09:26:38.968,2025-04-30 09:26:39.183,4.97,6.08,2.07,-3.24,-0.01,-5.68,4.97,2.89,1.10,2.06,2.48,1.44,0,0,0,0,0,false,false,1745972799455,592,997,0,59,5254,-306,3760,3758,3758,3755,3757,3761,3756,3756,3751,3750,3747,3746,3750,3744,0,0,0,0,0,0,0,0,0,0,0,0,0,0,3761,3744,220,220,0,0,0,0,0,true,true,16,32,0,0,0,0,0,0
147.22,3,20,23.35,6.31,20 ms,2025-04-30 09:26:39.649,2025-04-30 09:26:39.680,2025-04-30 09:26:39.557,2025-04-30 09:26:39.661,4.97,6.08,2.07,-3.19,-0.01,-5.69,4.97,2.89,1.10,2.07,2.48,1.43,0,0,0,0,0,false,false,1745972799661,592,997,0,59,5254,-306,3760,3758,3758,3754,3756,3760,3756,3755,3750,3750,3746,3746,3750,3744,0,0,0,0,0,0,0,0,0,0,0,0,0,0,3760,3744,220,220,0,0,0,0,0,true,true,16,32,0,0,0,0,0,0
147.22,3,20,23.35,6.31,24 ms,2025-04-30 09:26:39.873,2025-04-30 09:26:39.884,2025-04-30 09:26:39.557,2025-04-30 09:26:39.661,4.97,6.08,2.07,-3.19,-0.01,-5.69,4.97,2.89,1.10,2.07,2.48,1.43,0,0,0,0,0,false,false,1745972799855,592,997,0,59,5254,-306,3760,3758,3758,3754,3756,3760,3756,3755,3750,3750,3746,3746,3750,3744,0,0,0,0,0,0,0,0,0,0,0,0,0,0,3760,3744,220,220,0,0,0,0,0,true,true,16,32,0,0,0,0,0,0
147.22,3,20,23.35,6.31,20 ms,2025-04-30 09:26:40.068,2025-04-30 09:26:40.079,2025-04-30 09:26:39.557,2025-04-30 09:26:39.661,4.97,6.08,2.07,-3.19,-0.01,-5.69,4.97,2.89,1.10,2.07,2.48,1.43,0,0,0,0,0,false,false,1745972800058,592,997,0,59,5254,-306,3760,3758,3758,3754,3756,3760,3756,3755,3750,3750,3746,3746,3750,3744,0,0,0,0,0,0,0,0,0,0,0,0,0,0,3760,3744,220,220,0,0,0,0,0,true,true,16,32,0,0,0,0,0,0
147.22,3,20,23.35,6.31,19 ms,2025-04-30 09:26:40.260,2025-04-30 09:26:40.276,2025-04-30 09:26:40.170,2025-04-30 09:26:40.139,4.97,6.08,2.07,-3.49,0.01,-5.70,4.97,2.89,1.11,2.03,2.49,1.43,0,0,0,0,0,false,false,1745972800260,592,997,0,59,5253,-306,3759,3758,3758,3753,3756,3760,3756,3755,3750,3750,3746,3745,3749,3744,0,0,0,0,0,0,0,0,0,0,0,0,0,0,3760,3744,220,220,0,0,0,0,0,true,true,16,32,0,0,0,0,0,0
147.22,3,20,23.35,6.31,21 ms,2025-04-30 09:26:40.454,2025-04-30 09:26:40.485,2025-04-30 09:26:40.170,2025-04-30 09:26:40.139,4.97,6.08,2.07,-3.49,0.01,-5.70,4.97,2.89,1.11,2.03,2.49,1.43,0,0,0,0,0,false,false,1745972800454,592,997,0,59,5253,-306,3759,3758,3758,3753,3756,3760,3756,3755,3750,3750,3746,3745,3749,3744,0,0,0,0,0,0,0,0,0,0,0,0,0,0,3760,3744,220,220,0,0,0,0,0,true,true,16,32,0,0,0,0,0,0
146.86,1,20,23.35,6.31,23 ms,2025-04-30 09:26:40.668,2025-04-30 09:26:40.678,2025-04-30 09:26:40.170,2025-04-30 09:26:40.618,4.97,6.08,2.07,-3.19,-0.01,-5.71,4.97,2.89,1.11,2.07,2.48,1.43,0,0,0,0,0,false,false,1745972800658,592,997,0,59,5253,-306,3759,3758,3758,3753,3756,3760,3756,3755,3750,3750,3746,3745,3749,3744,0,0,0,0,0,0,0,0,0,0,0,0,0,0,3760,3744,220,220,0,0,0,0,0,true,true,16,32,0,0,0,0,0,0
146.86,1,20,23.35,6.31,24 ms,2025-04-30 09:26:40.858,2025-04-30 09:26:40.888,2025-04-30 09:26:40.778,2025-04-30 09:26:40.618,4.97,6.08,2.07,-3.19,-0.01,-5.71,4.97,2.89,1.11,2.07,2.48,1.43,0,0,0,0,0,false,false,1745972800858,592,997,0,59,5253,-306,3759,3757,3757,3753,3756,3760,3755,3754,3750,3749,3745,3745,3749,3744,0,0,0,0,0,0,0,0,0,0,0,0,0,0,3760,3744,220,220,0,0,0,0,0,true,true,16,32,0,0,0,0,0,0
146.86,1,20,23.35,6.31,24 ms,2025-04-30 09:26:41.050,2025-04-30 09:26:41.079,2025-04-30 09:26:40.778,2025-04-30 09:26:40.618,4.97,6.08,2.07,-3.19,-0.01,-5.71,4.97,2.89,1.11,2.07,2.48,1.43,0,0,0,0,0,false,false,1745972801063,592,997,0,59,5253,-306,3759,3757,3757,3753,3756,3760,3755,3754,3750,3749,3745,3745,3749,3744,0,0,0,0,0,0,0,0,0,0,0,0,0,0,3760,3744,220,220,0,0,0,0,0,true,true,16,32,0,0,0,0,0,0
146.86,1,20,23.35,6.29,20 ms,2025-04-30 09:26:41.255,2025-04-30 09:26:41.286,2025-04-30 09:26:40.778,2025-04-30 09:26:41.095,4.97,6.04,2.07,-3.17,0.00,-5.72,4.97,2.88,1.10,2.07,2.49,1.43,0,0,0,0,0,false,false,1745972801255,592,997,0,59,5253,-306,3759,3757,3757,3753,3756,3760,3755,3754,3750,3749,3745,3745,3749,3744,0,0,0,0,0,0,0,0,0,0,0,0,0,0,3760,3744,220,220,0,0,0,0,0,true,true,16,32,0,0,0,0,0,0
146.86,1,20,23.36,6.29,19 ms,2025-04-30 09:26:41.454,2025-04-30 09:26:41.485,2025-04-30 09:26:41.367,2025-04-30 09:26:41.095,4.97,6.04,2.07,-3.17,0.00,-5.72,4.97,2.88,1.10,2.07,2.49,1.43,0,0,0,0,0,false,false,1745972801454,592,997,0,59,5253,-305,3759,3757,3757,3753,3756,3760,3755,3754,3750,3749,3745,3745,3749,3743,0,0,0,0,0,0,0,0,0,0,0,0,0,0,3760,3743,220,220,0,0,0,0,0,true,true,16,32,0,0,0,0,0,0
145.08,3,20,23.35,6.29,20 ms,2025-04-30 09:26:41.660,2025-04-30 09:26:41.681,2025-04-30 09:26:41.367,2025-04-30 09:26:41.570,4.97,6.06,2.06,-3.41,0.00,-5.73,4.97,2.89,1.10,2.04,2.49,1.43,0,0,0,0,0,false,false,1745972801660,592,997,0,59,5253,-305,3759,3757,3757,3753,3756,3760,3755,3754,3750,3749,3745,3745,3749,3743,0,0,0,0,0,0,0,0,0,0,0,0,0,0,3760,3743,220,220,0,0,0,0,0,true,true,16,32,0,0,0,0,0,0
145.08,3,20,23.36,6.21,23 ms,2025-04-30 09:26:41.851,2025-04-30 09:26:41.882,2025-04-30 09:26:41.367,2025-04-30 09:26:41.570,4.97,6.06,2.06,-3.41,0.00,-5.73,4.97,2.89,1.10,2.04,2.49,1.43,0,0,0,0,0,false,false,1745972801862,592,997,0,59,5253,-305,3759,3757,3757,3753,3756,3760,3755,3754,3750,3749,3745,3745,3749,3743,0,0,0,0,0,0,0,0,0,0,0,0,0,0,3760,3743,220,220,0,0,0,0,0,true,true,16,32,0,0,0,0,0,0
145.08,3,20,23.36,6.21,20 ms,2025-04-30 09:26:42.084,2025-04-30 09:26:42.084,2025-04-30 09:26:41.982,2025-04-30 09:26:42.047,4.97,5.98,2.04,-3.12,-0.01,-5.73,4.97,2.88,1.09,2.07,2.48,1.43,0,0,0,0,0,false,false,1745972802063,592,997,0,59,5253,-301,3758,3757,3757,3753,3756,3760,3755,3754,3749,3749,3745,3745,3749,3743,0,0,0,0,0,0,0,0,0,0,0,0,0,0,3760,3743,220,220,0,0,0,0,0,true,true,16,32,0,0,0,0,0,0
145.08,3,20,23.36,6.21,20 ms,2025-04-30 09:26:42.247,2025-04-30 09:26:42.277,2025-04-30 09:26:41.982,2025-04-30 09:26:42.047,4.97,5.98,2.04,-3.12,-0.01,-5.73,4.97,2.88,1.09,2.07,2.48,1.43,0,0,0,0,0,false,false,1745972802267,592,997,0,59,5253,-301,3758,3757,3757,3753,3756,3760,3755,3754,3749,3749,3745,3745,3749,3743,0,0,0,0,0,0,0,0,0,0,0,0,0,0,3760,3743,220,220,0,0,0,0,0,true,true,16,32,0,0,0,0,0,0
145.08,3,20,23.36,6.21,23 ms,2025-04-30 09:26:42.447,2025-04-30 09:26:42.478,2025-04-30 09:26:41.982,2025-04-30 09:26:42.047,4.97,5.98,2.04,-3.12,-0.01,-5.73,4.97,2.88,1.09,2.07,2.48,1.43,0,0,0,0,0,false,false,1745972802464,592,997,0,59,5253,-301,3758,3757,3757,3753,3756,3760,3755,3754,3749,3749,3745,3745,3749,3743,0,0,0,0,0,0,0,0,0,0,0,0,0,0,3760,3743,220,220,0,0,0,0,0,true,true,16,32,0,0,0,0,0,0
145.08,3,20,23.36,6.21,20 ms,2025-04-30 09:26:42.671,2025-04-30 09:26:42.682,2025-04-30 09:26:42.580,2025-04-30 09:26:42.522,4.97,6.01,2.04,-3.43,-0.00,-5.74,4.97,2.88,1.09,2.03,2.49,1.42,0,0,0,0,0,false,false,1745972802661,592,997,0,59,5253,-301,3759,3757,3757,3753,3756,3760,3755,3754,3749,3749,3745,3745,3749,3743,0,0,0,0,0,0,0,0,0,0,0,0,0,0,3760,3743,220,220,0,0,0,0,0,true,true,16,32,0,0,0,0,0,0
145.08,3,20,23.36,6.21,24 ms,2025-04-30 09:26:42.884,2025-04-30 09:26:42.884,2025-04-30 09:26:42.580,2025-04-30 09:26:42.522,4.97,6.01,2.04,-3.43,-0.00,-5.74,4.97,2.88,1.09,2.03,2.49,1.42,0,0,0,0,0,false,false,1745972802860,592,997,0,59,5253,-301,3759,3757,3757,3753,3756,3760,3755,3754,3749,3749,3745,3745,3749,3743,0,0,0,0,0,0,0,0,0,0,0,0,0,0,3760,3743,220,220,0,0,0,0,0,true,true,16,32,0,0,0,0,0,0
145.08,3,20,23.36,6.21,24 ms,2025-04-30 09:26:43.068,2025-04-30 09:26:43.088,2025-04-30 09:26:42.580,2025-04-30 09:26:42.997,4.97,6.03,2.03,-3.65,0.01,-5.75,4.97,2.88,1.08,2.00,2.49,1.42,0,0,0,0,0,false,false,1745972803057,592,997,0,59,5253,-301,3759,3757,3757,3753,3756,3760,3755,3754,3749,3749,3745,3745,3749,3743,0,0,0,0,0,0,0,0,0,0,0,0,0,0,3760,3743,220,220,0,0,0,0,0,true,true,16,32,0,0,0,0,0,0
145.08,3,20,23.36,6.21,20 ms,2025-04-30 09:26:43.249,2025-04-30 09:26:43.281,2025-04-30 09:26:43.169,2025-04-30 09:26:42.997,4.97,6.03,2.03,-3.65,0.01,-5.75,4.97,2.88,1.08,2.00,2.49,1.42,0,0,0,0,0,false,false,1745972803260,592,997,0,59,5252,-301,3758,3757,3757,3753,3756,3759,3755,3754,3749,3749,3745,3745,3749,3743,0,0,0,0,0,0,0,0,0,0,0,0,0,0,3759,3743,220,220,0,0,0,0,0,true,true,16,32,0,0,0,0,0,0
145.08,3,20,23.36,6.21,20 ms,2025-04-30 09:26:43.484,2025-04-30 09:26:43.484,2025-04-30 09:26:43.169,2025-04-30 09:26:43.475,4.97,6.01,2.03,-3.47,-0.01,-5.76,4.97,2.88,1.08,2.03,2.48,1.42,0,0,0,0,0,false,false,1745972803453,592,997,0,59,5252,-301,3758,3757,3757,3753,3756,3759,3755,3754,3749,3749,3745,3745,3749,3743,0,0,0,0,0,0,0,0,0,0,0,0,0,0,3759,3743,220,220,0,0,0,0,0,true,true,16,32,0,0,0,0,0,0
145.08,3,20,23.36,6.21,20 ms,2025-04-30 09:26:43.655,2025-04-30 09:26:43.676,2025-04-30 09:26:43.169,2025-04-30 09:26:43.475,4.97,6.01,2.03,-3.47,-0.01,-5.76,4.97,2.88,1.08,2.03,2.48,1.42,0,0,0,0,0,false,false,1745972803655,592,997,0,59,5252,-301,3758,3757,3757,3753,3756,3759,3755,3754,3749,3749,3745,3745,3749,3743,0,0,0,0,0,0,0,0,0,0,0,0,0,0,3759,3743,220,220,0,0,0,0,0,true,true,16,32,0,0,0,0,0,0
145.08,3,20,23.36,6.21,25 ms,2025-04-30 09:26:43.848,2025-04-30 09:26:43.879,2025-04-30 09:26:43.786,2025-04-30 09:26:43.475,4.97,6.01,2.03,-3.47,-0.01,-5.76,4.97,2.88,1.08,2.03,2.48,1.42,0,0,0,0,0,false,false,1745972803868,592,997,0,59,5252,-301,3758,3757,3757,3752,3755,3759,3755,3754,3749,3749,3745,3744,3748,3743,0,0,0,0,0,0,0,0,0,0,0,0,0,0,3759,3743,220,220,0,0,0,0,0,true,true,16,32,0,0,0,0,0,0
145.08,3,20,23.36,6.21,20 ms,2025-04-30 09:26:44.064,2025-04-30 09:26:44.084,2025-04-30 09:26:43.786,2025-04-30 09:26:43.952,4.97,5.96,2.04,-3.50,0.01,-5.77,4.97,2.88,1.09,2.02,2.49,1.42,0,0,0,0,0,false,false,1745972804053,592,997,0,59,5252,-301,3758,3757,3757,3752,3755,3759,3755,3754,3749,3749,3745,3744,3748,3743,0,0,0,0,0,0,0,0,0,0,0,0,0,0,3759,3743,220,220,0,0,0,0,0,true,true,16,32,0,0,0,0,0,0
145.08,3,20,23.36,6.21,20 ms,2025-04-30 09:26:44.257,2025-04-30 09:26:44.287,2025-04-30 09:26:43.786,2025-04-30 09:26:43.952,4.97,5.96,2.04,-3.50,0.01,-5.77,4.97,2.88,1.09,2.02,2.49,1.42,0,0,0,0,0,false,false,1745972804257,592,997,0,59,5252,-301,3758,3757,3757,3752,3755,3759,3755,3754,3749,3749,3745,3744,3748,3743,0,0,0,0,0,0,0,0,0,0,0,0,0,0,3759,3743,220,220,0,0,0,0,0,true,true,16,32,0,0,0,0,0,0
145.08,3,20,23.36,6.21,20 ms,2025-04-30 09:26:44.470,2025-04-30 09:26:44.491,2025-04-30 09:26:44.378,2025-04-30 09:26:44.429,4.97,5.97,2.03,-3.34,-0.01,-5.77,4.97,2.88,1.08,2.04,2.48,1.42,0,0,0,0,0,false,false,1745972804460,592,997,0,59,5252,-301,3758,3757,3756,3753,3755,3759,3755,3754,3749,3748,3745,3744,3748,3742,0,0,0,0,0,0,0,0,0,0,0,0,0,0,3759,3742,220,220,0,0,0,0,0,true,true,16,32,0,0,0,0,0,0
144.04,1,25,23.36,6.21,20 ms,2025-04-30 09:26:44.683,2025-04-30 09:26:44.684,2025-04-30 09:26:44.378,2025-04-30 09:26:44.429,4.97,5.97,2.03,-3.34,-0.01,-5.77,4.97,2.88,1.08,2.04,2.48,1.42,0,0,0,0,0,false,false,1745972804653,592,997,0,59,5252,-301,3758,3757,3756,3753,3755,3759,3755,3754,3749,3748,3745,3744,3748,3742,0,0,0,0,0,0,0,0,0,0,0,0,0,0,3759,3742,220,220,0,0,0,0,0,true,true,16,32,0,0,0,0,0,0
144.04,1,25,23.36,6.17,20 ms,2025-04-30 09:26:44.847,2025-04-30 09:26:44.878,2025-04-30 09:26:44.378,2025-04-30 09:26:44.429,4.97,5.97,2.03,-3.34,-0.01,-5.77,4.97,2.88,1.08,2.04,2.48,1.42,0,0,0,0,0,false,false,1745972804864,592,997,0,59,5252,-301,3758,3757,3756,3753,3755,3759,3755,3754,3749,3748,3745,3744,3748,3742,0,0,0,0,0,0,0,0,0,0,0,0,0,0,3759,3742,220,220,0,0,0,0,0,true,true,16,32,0,0,0,0,0,0
144.04,1,25,23.36,6.17,20 ms,2025-04-30 09:26:45.071,2025-04-30 09:26:45.090,2025-04-30 09:26:44.969,2025-04-30 09:26:44.907,4.97,5.97,2.01,-3.35,-0.01,-5.78,4.97,2.88,1.07,2.04,2.48,1.42,0,0,0,0,0,false,false,1745972805060,592,997,0,59,5252,-299,3758,3757,3757,3753,3755,3759,3754,3754,3749,3748,3744,3744,3748,3742,0,0,0,0,0,0,0,0,0,0,0,0,0,0,3759,3742,220,220,0,0,0,0,0,true,true,16,32,0,0,0,0,0,0
144.04,1,25,23.36,6.17,20 ms,2025-04-30 09:26:45.264,2025-04-30 09:26:45.285,2025-04-30 09:26:44.969,2025-04-30 09:26:44.907,4.97,5.97,2.01,-3.35,-0.01,-5.78,4.97,2.88,1.07,2.04,2.48,1.42,0,0,0,0,0,false,false,1745972805254,592,997,0,59,5252,-299,3758,3757,3757,3753,3755,3759,3754,3754,3749,3748,3744,3744,3748,3742,0,0,0,0,0,0,0,0,0,0,0,0,0,0,3759,3742,220,220,0,0,0,0,0,true,true,16,32,0,0,0,0,0,0
144.04,1,25,23.36,6.17,24 ms,2025-04-30 09:26:45.477,2025-04-30 09:26:45.477,2025-04-30 09:26:44.969,2025-04-30 09:26:45.376,4.97,5.94,2.01,-3.47,-0.01,-5.79,4.97,2.88,1.07,2.03,2.48,1.41,0,0,0,0,0,false,false,1745972805452,592,997,0,59,5252,-299,3758,3757,3757,3753,3755,3759,3754,3754,3749,3748,3744,3744,3748,3742,0,0,0,0,0,0,0,0,0,0,0,0,0,0,3759,3742,220,220,0,0,0,0,0,true,true,16,32,0,0,0,0,0,0
145.55,5,20,23.36,6.17,20 ms,2025-04-30 09:26:45.659,2025-04-30 09:26:45.680,2025-04-30 09:26:45.588,2025-04-30 09:26:45.376,4.97,5.94,2.01,-3.47,-0.01,-5.79,4.97,2.88,1.07,2.03,2.48,1.41,0,0,0,0,0,false,false,1745972805659,592,997,0,59,5252,-299,3758,3757,3757,3752,3755,3759,3755,3754,3749,3748,3744,3744,3748,3742,0,0,0,0,0,0,0,0,0,0,0,0,0,0,3759,3742,220,220,0,0,0,0,0,true,true,16,32,0,0,0,0,0,0
145.55,5,20,23.36,6.20,24 ms,2025-04-30 09:26:45.853,2025-04-30 09:26:45.884,2025-04-30 09:26:45.588,2025-04-30 09:26:45.856,4.97,5.95,2.02,-3.24,0.01,-5.80,4.97,2.88,1.08,2.06,2.49,1.41,0,0,0,0,0,false,false,1745972805853,592,997,0,59,5252,-299,3758,3757,3757,3752,3755,3759,3755,3754,3749,3748,3744,3744,3748,3742,0,0,0,0,0,0,0,0,0,0,0,0,0,0,3759,3742,220,220,0,0,0,0,0,true,true,16,32,0,0,0,0,0,0
145.55,5,20,23.36,6.23,20 ms,2025-04-30 09:26:46.056,2025-04-30 09:26:46.077,2025-04-30 09:26:45.588,2025-04-30 09:26:45.856,4.97,5.95,2.02,-3.24,0.01,-5.80,4.97,2.88,1.08,2.06,2.49,1.41,0,0,0,0,0,false,false,1745972806056,592,997,0,59,5252,-299,3758,3757,3757,3752,3755,3759,3755,3754,3749,3748,3744,3744,3748,3742,0,0,0,0,0,0,0,0,0,0,0,0,0,0,3759,3742,220,220,0,0,0,0,0,true,true,16,32,0,0,0,0,0,0
145.55,5,20,23.36,6.23,19 ms,2025-04-30 09:26:46.260,2025-04-30 09:26:46.277,2025-04-30 09:26:46.179,2025-04-30 09:26:45.856,4.97,5.95,2.02,-3.24,0.01,-5.80,4.97,2.88,1.08,2.06,2.49,1.41,0,0,0,0,0,false,false,1745972806260,592,997,0,59,5251,-302,3758,3756,3756,3752,3755,3758,3754,3753,3748,3748,3744,3744,3750,3742,0,0,0,0,0,0,0,0,0,0,0,0,0,0,3758,3742,220,220,0,0,0,0,0,true,true,16,32,0,0,0,0,0,0
145.55,5,20,23.36,6.23,25 ms,2025-04-30 09:26:46.483,2025-04-30 09:26:46.484,2025-04-30 09:26:46.179,2025-04-30 09:26:46.332,4.97,5.97,2.03,-3.34,0.00,-5.80,4.97,2.88,1.08,2.04,2.49,1.41,0,0,0,0,0,false,false,1745972806458,592,997,0,59,5251,-302,3758,3756,3756,3752,3755,3758,3754,3753,3748,3748,3744,3744,3750,3742,0,0,0,0,0,0,0,0,0,0,0,0,0,0,3758,3742,220,220,0,0,0,0,0,true,true,16,32,0,0,0,0,0,0
145.55,5,20,23.36,6.23,20 ms,2025-04-30 09:26:46.677,2025-04-30 09:26:46.678,2025-04-30 09:26:46.179,2025-04-30 09:26:46.332,4.97,5.97,2.03,-3.34,0.00,-5.80,4.97,2.88,1.08,2.04,2.49,1.41,0,0,0,0,0,false,false,1745972806657,592,997,0,59,5251,-302,3758,3756,3756,3752,3755,3758,3754,3753,3748,3748,3744,3744,3750,3742,0,0,0,0,0,0,0,0,0,0,0,0,0,0,3758,3742,220,220,0,0,0,0,0,true,true,16,32,0,0,0,0,0,0
145.55,5,20,23.36,6.23,20 ms,2025-04-30 09:26:46.881,2025-04-30 09:26:46.881,2025-04-30 09:26:46.780,2025-04-30 09:26:46.809,4.97,5.98,2.04,-3.42,-0.01,-5.81,4.97,2.88,1.09,2.03,2.48,1.41,0,0,0,0,0,false,false,1745972806861,592,997,0,59,5251,-302,3758,3756,3756,3752,3755,3758,3754,3753,3748,3748,3744,3744,3748,3742,0,0,0,0,0,0,0,0,0,0,0,0,0,0,3758,3742,220,220,0,0,0,0,0,true,true,16,32,0,0,0,0,0,0
145.55,5,20,23.36,6.23,20 ms,2025-04-30 09:26:47.064,2025-04-30 09:26:47.084,2025-04-30 09:26:46.780,2025-04-30 09:26:46.809,4.97,5.98,2.04,-3.42,-0.01,-5.81,4.97,2.88,1.09,2.03,2.48,1.41,0,0,0,0,0,false,false,1745972807053,592,997,0,59,5251,-302,3758,3756,3756,3752,3755,3758,3754,3753,3748,3748,3744,3744,3748,3742,0,0,0,0,0,0,0,0,0,0,0,0,0,0,3758,3742,220,220,0,0,0,0,0,true,true,16,32,0,0,0,0,0,0
145.55,5,20,23.36,6.23,19 ms,2025-04-30 09:26:47.277,2025-04-30 09:26:47.277,2025-04-30 09:26:46.780,2025-04-30 09:26:46.809,4.97,5.98,2.04,-3.42,-0.01,-5.81,4.97,2.88,1.09,2.03,2.48,1.41,0,0,0,0,0,false,false,1745972807257,592,997,0,59,5251,-302,3758,3756,3756,3752,3755,3758,3754,3753,3748,3748,3744,3744,3748,3742,0,0,0,0,0,0,0,0,0,0,0,0,0,0,3758,3742,220,220,0,0,0,0,0,true,true,16,32,0,0,0,0,0,0
145.55,5,20,23.36,6.23,20 ms,2025-04-30 09:26:47.479,2025-04-30 09:26:47.479,2025-04-30 09:26:47.389,2025-04-30 09:26:47.280,4.97,5.94,2.04,-3.26,-0.02,-5.82,4.97,2.88,1.09,2.06,2.48,1.41,0,0,0,0,0,false,false,1745972807458,592,997,0,59,5251,-302,3758,3756,3756,3752,3754,3758,3754,3753,3748,3748,3744,3744,3747,3742,0,0,0,0,0,0,0,0,0,0,0,0,0,0,3758,3742,220,220,0,0,0,0,0,true,true,16,32,0,0,0,0,0,0
145.55,5,20,23.36,6.23,20 ms,2025-04-30 09:26:47.673,2025-04-30 09:26:47.684,2025-04-30 09:26:47.389,2025-04-30 09:26:47.280,4.97,5.94,2.04,-3.26,-0.02,-5.82,4.97,2.88,1.09,2.06,2.48,1.41,0,0,0,0,0,false,false,1745972807652,592,997,0,59,5251,-302,3758,3756,3756,3752,3754,3758,3754,3753,3748,3748,3744,3744,3747,3742,0,0,0,0,0,0,0,0,0,0,0,0,0,0,3758,3742,220,220,0,0,0,0,0,true,true,16,32,0,0,0,0,0,0
145.55,5,20,23.36,6.23,20 ms,2025-04-30 09:26:47.858,2025-04-30 09:26:47.879,2025-04-30 09:26:47.389,2025-04-30 09:26:47.757,4.97,5.99,2.04,-3.56,-0.00,-5.83,4.97,2.88,1.09,2.02,2.49,1.41,0,0,0,0,0,false,false,1745972807858,592,997,0,59,5251,-302,3758,3756,3756,3752,3754,3758,3754,3753,3748,3748,3744,3744,3747,3742,0,0,0,0,0,0,0,0,0,0,0,0,0,0,3758,3742,220,220,0,0,0,0,0,true,true,16,32,0,0,0,0,0,0
145.55,5,20,23.36,6.23,20 ms,2025-04-30 09:26:48.082,2025-04-30 09:26:48.082,2025-04-30 09:26:48.001,2025-04-30 09:26:47.757,4.97,5.99,2.04,-3.56,-0.00,-5.83,4.97,2.88,1.09,2.02,2.49,1.41,0,0,0,0,0,false,false,1745972808061,592,997,0,59,5251,-302,3757,3756,3756,3752,3754,3758,3753,3753,3748,3748,3744,3743,3748,3742,0,0,0,0,0,0,0,0,0,0,0,0,0,0,3758,3742,220,220,0,0,0,0,0,true,true,16,32,0,0,0,0,0,0
145.55,5,20,23.36,6.23,20 ms,2025-04-30 09:26:48.275,2025-04-30 09:26:48.286,2025-04-30 09:26:48.001,2025-04-30 09:26:48.236,4.97,6.00,2.03,-3.46,0.00,-5.83,4.97,2.88,1.08,2.03,2.49,1.41,0,0,0,0,0,false,false,1745972808255,592,997,0,59,5251,-302,3757,3756,3756,3752,3754,3758,3753,3753,3748,3748,3744,3743,3748,3742,0,0,0,0,0,0,0,0,0,0,0,0,0,0,3758,3742,220,220,0,0,0,0,0,true,true,16,32,0,0,0,0,0,0
145.55,5,20,23.36,6.23,24 ms,2025-04-30 09:26:48.466,2025-04-30 09:26:48.477,2025-04-30 09:26:48.001,2025-04-30 09:26:48.236,4.97,6.00,2.03,-3.46,0.00,-5.83,4.97,2.88,1.08,2.03,2.49,1.41,0,0,0,0,0,false,false,1745972808456,592,997,0,59,5251,-302,3757,3756,3756,3752,3754,3758,3753,3753,3748,3748,3744,3743,3748,3742,0,0,0,0,0,0,0,0,0,0,0,0,0,0,3758,3742,220,220,0,0,0,0,0,true,true,16,32,0,0,0,0,0,0
145.55,5,20,23.36,6.23,20 ms,2025-04-30 09:26:48.671,2025-04-30 09:26:48.682,2025-04-30 09:26:48.579,2025-04-30 09:26:48.236,4.97,6.00,2.03,-3.46,0.00,-5.83,4.97,2.88,1.08,2.03,2.49,1.41,0,0,0,0,0,false,false,1745972808661,591,997,0,59,5251,-302,3757,3756,3756,3751,3754,3758,3753,3753,3748,3748,3744,3743,3747,3742,0,0,0,0,0,0,0,0,0,0,0,0,0,0,3758,3742,220,220,0,0,0,0,0,true,true,16,32,0,0,0,0,0,0
145.55,5,20,23.36,6.23,20 ms,2025-04-30 09:26:48.845,2025-04-30 09:26:48.876,2025-04-30 09:26:48.579,2025-04-30 09:26:48.713,4.97,5.93,2.03,-2.99,-0.00,-5.83,4.97,2.88,1.08,2.09,2.49,1.41,0,0,0,0,0,false,false,1745972808865,591,997,0,59,5251,-302,3757,3756,3756,3751,3754,3758,3753,3753,3748,3748,3744,3743,3747,3742,0,0,0,0,0,0,0,0,0,0,0,0,0,0,3758,3742,220,220,0,0,0,0,0,true,true,16,32,0,0,0,0,0,0
145.55,5,20,23.36,6.23,24 ms,2025-04-30 09:26:49.050,2025-04-30 09:26:49.081,2025-04-30 09:26:48.579,2025-04-30 09:26:48.713,4.97,5.93,2.03,-2.99,-0.00,-5.83,4.97,2.88,1.08,2.09,2.49,1.41,0,0,0,0,0,false,false,1745972809060,591,997,0,59,5251,-302,3757,3756,3756,3751,3754,3758,3753,3753,3748,3748,3744,3743,3747,3742,0,0,0,0,0,0,0,0,0,0,0,0,0,0,3758,3742,220,220,0,0,0,0,0,true,true,16,32,0,0,0,0,0,0
145.55,5,20,23.36,6.23,25 ms,2025-04-30 09:26:49.273,2025-04-30 09:26:49.284,2025-04-30 09:26:49.183,2025-04-30 09:26:49.190,4.97,5.95,2.03,-3.21,0.00,-5.84,4.97,2.88,1.08,2.06,2.49,1.40,0,0,0,0,0,false,false,1745972809263,591,997,0,59,5250,-302,3757,3756,3755,3751,3754,3758,3753,3753,3748,3747,3744,3743,3747,3741,0,0,0,0,0,0,0,0,0,0,0,0,0,0,3758,3741,220,220,0,0,0,0,0,true,true,16,32,0,0,0,0,0,0
145.55,5,20,23.36,6.23,20 ms,2025-04-30 09:26:49.447,2025-04-30 09:26:49.478,2025-04-30 09:26:49.183,2025-04-30 09:26:49.190,4.97,5.95,2.03,-3.21,0.00,-5.84,4.97,2.88,1.08,2.06,2.49,1.40,0,0,0,0,0,false,false,1745972809463,591,997,0,59,5250,-302,3757,3756,3755,3751,3754,3758,3753,3753,3748,3747,3744,3743,3747,3741,0,0,0,0,0,0,0,0,0,0,0,0,0,0,3758,3741,220,220,0,0,0,0,0,true,true,16,32,0,0,0,0,0,0
145.55,5,20,23.36,6.23,20 ms,2025-04-30 09:26:49.671,2025-04-30 09:26:49.681,2025-04-30 09:26:49.183,2025-04-30 09:26:49.666,4.97,6.05,2.04,-3.66,-0.02,-5.85,4.97,2.89,1.09,2.00,2.48,1.40,0,0,0,0,0,false,false,1745972809661,591,997,0,59,5250,-302,3757,3756,3755,3751,3754,3758,3753,3753,3748,3747,3744,3743,3747,3741,0,0,0,0,0,0,0,0,0,0,0,0,0,0,3758,3741,220,220,0,0,0,0,0,true,true,16,32,0,0,0,0,0,0
145.55,5,20,23.36,6.23,24 ms,2025-04-30 09:26:49.884,2025-04-30 09:26:49.885,2025-04-30 09:26:49.793,2025-04-30 09:26:49.666,4.97,6.05,2.04,-3.66,-0.02,-5.85,4.97,2.89,1.09,2.00,2.48,1.40,0,0,0,0,0,false,false,1745972809860,591,997,0,59,5250,-302,3757,3756,3755,3751,3754,3758,3753,3753,3748,3747,3744,3743,3747,3741,0,0,0,0,0,0,0,0,0,0,0,0,0,0,3758,3741,220,220,0,0,0,0,0,true,true,16,32,0,0,0,0,0,0
145.55,5,20,23.36,6.23,25 ms,2025-04-30 09:26:50.048,2025-04-30 09:26:50.079,2025-04-30 09:26:49.793,2025-04-30 09:26:49.666,4.97,6.05,2.04,-3.66,-0.02,-5.85,4.97,2.89,1.09,2.00,2.48,1.40,0,0,0,0,0,false,false,1745972810064,591,997,0,59,5250,-302,3757,3756,3755,3751,3754,3758,3753,3753,3748,3747,3744,3743,3747,3741,0,0,0,0,0,0,0,0,0,0,0,0,0,0,3758,3741,220,220,0,0,0,0,0,true,true,16,32,0,0,0,0,0,0
145.55,5,20,23.36,6.23,20 ms,2025-04-30 09:26:50.273,2025-04-30 09:26:50.284,2025-04-30 09:26:49.793,2025-04-30 09:26:50.140,4.97,5.99,2.03,-3.38,-0.01,-5.85,4.97,2.88,1.08,2.04,2.48,1.40,0,0,0,0,0,false,false,1745972810253,591,997,0,59,5250,-302,3757,3756,3755,3751,3754,3758,3753,3753,3748,3747,3744,3743,3747,3741,0,0,0,0,0,0,0,0,0,0,0,0,0,0,3758,3741,220,220,0,0,0,0,0,true,true,16,32,0,0,0,0,0,0
145.55,5,20,23.36,6.23,19 ms,2025-04-30 09:26:50.455,2025-04-30 09:26:50.476,2025-04-30 09:26:50.394,2025-04-30 09:26:50.140,4.97,5.99,2.03,-3.38,-0.01,-5.85,4.97,2.88,1.08,2.04,2.48,1.40,0,0,0,0,0,false,false,1745972810455,591,997,0,59,5250,-302,3757,3755,3755,3751,3754,3758,3753,3752,3747,3747,3744,3743,3747,3741,0,0,0,0,0,0,0,0,0,0,0,0,0,0,3758,3741,220,220,0,0,0,0,0,true,true,16,32,0,0,0,0,0,0
145.87,1,27,23.36,6.23,20 ms,2025-04-30 09:26:50.679,2025-04-30 09:26:50.680,2025-04-30 09:26:50.394,2025-04-30 09:26:50.621,4.97,5.97,2.04,-3.48,0.01,-5.86,4.97,2.88,1.09,2.03,2.49,1.40,0,0,0,0,0,false,false,1745972810659,591,997,0,59,5250,-302,3757,3755,3755,3751,3754,3758,3753,3752,3747,3747,3744,3743,3747,3741,0,0,0,0,0,0,0,0,0,0,0,0,0,0,3758,3741,220,220,0,0,0,0,0,true,true,16,32,0,0,0,0,0,0
145.87,1,27,23.36,6.23,24 ms,2025-04-30 09:26:50.883,2025-04-30 09:26:50.883,2025-04-30 09:26:50.394,2025-04-30 09:26:50.621,4.97,5.97,2.04,-3.48,0.01,-5.86,4.97,2.88,1.09,2.03,2.49,1.40,0,0,0,0,0,false,false,1745972810858,591,997,0,59,5250,-302,3757,3755,3755,3751,3754,3758,3753,3752,3747,3747,3744,3743,3747,3741,0,0,0,0,0,0,0,0,0,0,0,0,0,0,3758,3741,220,220,0,0,0,0,0,true,true,16,32,0,0,0,0,0,0
145.87,1,27,23.36,6.23,24 ms,2025-04-30 09:26:51.075,2025-04-30 09:26:51.086,2025-04-30 09:26:50.994,2025-04-30 09:26:50.621,4.97,5.97,2.04,-3.48,0.01,-5.86,4.97,2.88,1.09,2.03,2.49,1.40,0,0,0,0,0,false,false,1745972811065,591,997,0,59,5250,-302,3757,3755,3755,3751,3754,3758,3752,3752,3747,3747,3744,3742,3747,3740,0,0,0,0,0,0,0,0,0,0,0,0,0,0,3758,3740,220,220,0,0,0,0,0,true,true,16,32,0,0,0,0,0,0
145.87,1,27,23.36,6.23,21 ms,2025-04-30 09:26:51.247,2025-04-30 09:26:51.277,2025-04-30 09:26:50.994,2025-04-30 09:26:51.097,4.97,6.06,2.04,-3.60,-0.01,-5.87,4.97,2.89,1.09,2.01,2.49,1.40,0,0,0,0,0,false,false,1745972811262,591,997,0,59,5250,-302,3757,3755,3755,3751,3754,3758,3752,3752,3747,3747,3744,3742,3747,3740,0,0,0,0,0,0,0,0,0,0,0,0,0,0,3758,3740,220,220,0,0,0,0,0,true,true,16,32,0,0,0,0,0,0
145.87,1,27,23.36,6.23,20 ms,2025-04-30 09:26:51.481,2025-04-30 09:26:51.482,2025-04-30 09:26:50.994,2025-04-30 09:26:51.097,4.97,6.06,2.04,-3.60,-0.01,-5.87,4.97,2.89,1.09,2.01,2.49,1.40,0,0,0,0,0,false,false,1745972811461,591,997,0,59,5250,-302,3757,3755,3755,3751,3754,3758,3752,3752,3747,3747,3744,3742,3747,3740,0,0,0,0,0,0,0,0,0,0,0,0,0,0,3758,3740,220,220,0,0,0,0,0,true,true,16,32,0,0,0,0,0,0
144.10,3,31,23.36,6.23,23 ms,2025-04-30 09:26:51.675,2025-04-30 09:26:51.675,2025-04-30 09:26:51.594,2025-04-30 09:26:51.572,4.97,5.95,2.03,-3.24,-0.01,-5.88,4.97,2.88,1.08,2.06,2.49,1.40,0,0,0,0,0,false,false,1745972811665,591,997,0,59,5250,-302,3756,3755,3755,3751,3753,3757,3753,3752,3747,3747,3744,3743,3747,3741,0,0,0,0,0,0,0,0,0,0,0,0,0,0,3757,3741,220,220,0,0,0,0,0,true,true,16,32,0,0,0,0,0,0
144.10,3,31,23.36,6.23,20 ms,2025-04-30 09:26:51.879,2025-04-30 09:26:51.879,2025-04-30 09:26:51.594,2025-04-30 09:26:51.572,4.97,5.95,2.03,-3.24,-0.01,-5.88,4.97,2.88,1.08,2.06,2.49,1.40,0,0,0,0,0,false,false,1745972811858,591,997,0,59,5250,-302,3756,3755,3755,3751,3753,3757,3753,3752,3747,3747,3744,3743,3747,3741,0,0,0,0,0,0,0,0,0,0,0,0,0,0,3757,3741,220,220,0,0,0,0,0,true,true,16,32,0,0,0,0,0,0
144.10,3,31,23.36,6.17,20 ms,2025-04-30 09:26:52.082,2025-04-30 09:26:52.083,2025-04-30 09:26:51.594,2025-04-30 09:26:52.051,4.97,5.93,2.03,-3.30,-0.00,-5.88,4.97,2.88,1.08,2.05,2.48,1.40,0,0,0,0,0,false,false,1745972812062,591,997,0,59,5250,-302,3756,3755,3755,3751,3753,3757,3753,3752,3747,3747,3744,3743,3747,3741,0,0,0,0,0,0,0,0,0,0,0,0,0,0,3757,3741,220,220,0,0,0,0,0,true,true,16,32,0,0,0,0,0,0
144.10,3,31,23.36,6.17,23 ms,2025-04-30 09:26:52.246,2025-04-30 09:26:52.276,2025-04-30 09:26:52.195,2025-04-30 09:26:52.051,4.97,5.93,2.03,-3.30,-0.00,-5.88,4.97,2.88,1.08,2.05,2.48,1.40,0,0,0,0,0,false,false,1745972812256,591,997,0,59,5250,-300,3756,3755,3755,3751,3753,3757,3753,3753,3747,3747,3744,3742,3747,3741,0,0,0,0,0,0,0,0,0,0,0,0,0,0,3757,3741,220,220,0,0,0,0,0,true,true,16,32,0,0,0,0,0,0
144.10,3,31,23.36,6.17,20 ms,2025-04-30 09:26:52.480,2025-04-30 09:26:52.481,2025-04-30 09:26:52.195,2025-04-30 09:26:52.051,4.97,5.93,2.03,-3.30,-0.00,-5.88,4.97,2.88,1.08,2.05,2.48,1.40,0,0,0,0,0,false,false,1745972812460,591,997,0,59,5250,-300,3756,3755,3755,3751,3753,3757,3753,3753,3747,3747,3744,3742,3747,3741,0,0,0,0,0,0,0,0,0,0,0,0,0,0,3757,3741,220,220,0,0,0,0,0,true,true,16,32,0,0,0,0,0,0
144.10,3,31,23.36,6.17,20 ms,2025-04-30 09:26:52.663,2025-04-30 09:26:52.684,2025-04-30 09:26:52.195,2025-04-30 09:26:52.520,4.97,5.96,2.02,-3.26,-0.01,-5.90,4.97,2.88,1.08,2.06,2.48,1.40,0,0,0,0,0,false,false,1745972812653,591,997,0,59,5250,-300,3756,3755,3755,3751,3753,3757,3753,3753,3747,3747,3744,3742,3747,3741,0,0,0,0,0,0,0,0,0,0,0,0,0,0,3757,3741,220,220,0,0,0,0,0,true,true,16,32,0,0,0,0,0,0
144.10,3,31,23.36,6.17,24 ms,2025-04-30 09:26:52.877,2025-04-30 09:26:52.878,2025-04-30 09:26:52.796,2025-04-30 09:26:52.520,4.97,5.96,2.02,-3.26,-0.01,-5.90,4.97,2.88,1.08,2.06,2.48,1.40,0,0,0,0,0,false,false,1745972812867,591,997,0,59,5250,-299,3756,3755,3755,3751,3754,3757,3753,3752,3747,3747,3744,3742,3747,3741,0,0,0,0,0,0,0,0,0,0,0,0,0,0,3757,3741,220,220,0,0,0,0,0,true,true,16,32,0,0,0,0,0,0
144.10,3,31,23.36,6.17,24 ms,2025-04-30 09:26:53.082,2025-04-30 09:26:53.083,2025-04-30 09:26:52.796,2025-04-30 09:26:52.990,4.97,5.91,2.02,-3.33,-0.00,-5.90,4.97,2.88,1.08,2.05,2.49,1.39,0,0,0,0,0,false,false,1745972813058,591,997,0,59,5250,-299,3756,3755,3755,3751,3754,3757,3753,3752,3747,3747,3744,3742,3747,3741,0,0,0,0,0,0,0,0,0,0,0,0,0,0,3757,3741,220,220,0,0,0,0,0,true,true,16,32,0,0,0,0,0,0
144.10,3,31,23.36,6.17,20 ms,2025-04-30 09:26:53.257,2025-04-30 09:26:53.288,2025-04-30 09:26:52.796,2025-04-30 09:26:52.990,4.97,5.91,2.02,-3.33,-0.00,-5.90,4.97,2.88,1.08,2.05,2.49,1.39,0,0,0,0,0,false,false,1745972813257,591,997,0,59,5250,-299,3756,3755,3755,3751,3754,3757,3753,3752,3747,3747,3744,3742,3747,3741,0,0,0,0,0,0,0,0,0,0,0,0,0,0,3757,3741,220,220,0,0,0,0,0,true,true,16,32,0,0,0,0,0,0
144.10,3,31,23.36,6.17,25 ms,2025-04-30 09:26:53.458,2025-04-30 09:26:53.478,2025-04-30 09:26:53.407,2025-04-30 09:26:53.458,4.97,5.95,2.02,-3.38,0.01,-5.91,4.97,2.88,1.08,2.04,2.49,1.39,0,0,0,0,0,false,false,1745972813458,591,997,0,59,5250,-299,3756,3755,3755,3751,3753,3757,3753,3752,3747,3747,3744,3743,3747,3741,0,0,0,0,0,0,0,0,0,0,0,0,0,0,3757,3741,220,220,0,0,0,0,0,true,true,16,32,0,0,0,0,0,0
144.10,3,31,23.36,6.17,22 ms,2025-04-30 09:26:53.664,2025-04-30 09:26:53.682,2025-04-30 09:26:53.407,2025-04-30 09:26:53.458,4.97,5.95,2.02,-3.38,0.01,-5.91,4.97,2.88,1.08,2.04,2.49,1.39,0,0,0,0,0,false,false,1745972813664,591,997,0,59,5250,-299,3756,3755,3755,3751,3753,3757,3753,3752,3747,3747,3744,3743,3747,3741,0,0,0,0,0,0,0,0,0,0,0,0,0,0,3757,3741,220,220,0,0,0,0,0,true,true,16,32,0,0,0,0,0,0
144.10,3,31,23.36,6.17,20 ms,2025-04-30 09:26:53.877,2025-04-30 09:26:53.877,2025-04-30 09:26:53.407,2025-04-30 09:26:53.458,4.97,5.95,2.02,-3.38,0.01,-5.91,4.97,2.88,1.08,2.04,2.49,1.39,0,0,0,0,0,false,false,1745972813856,591,997,0,59,5250,-299,3756,3755,3755,3751,3753,3757,3753,3752,3747,3747,3744,3743,3747,3741,0,0,0,0,0,0,0,0,0,0,0,0,0,0,3757,3741,220,220,0,0,0,0,0,true,true,16,32,0,0,0,0,0,0
144.10,3,31,23.36,6.17,23 ms,2025-04-30 09:26:54.081,2025-04-30 09:26:54.081,2025-04-30 09:26:53.999,2025-04-30 09:26:53.933,4.97,5.91,2.02,-3.43,-0.01,-5.92,4.97,2.88,1.08,2.03,2.48,1.39,0,0,0,0,0,false,false,1745972814058,591,997,0,59,5249,-299,3756,3755,3755,3750,3753,3757,3753,3752,3747,3747,3743,3742,3747,3741,0,0,0,0,0,0,0,0,0,0,0,0,0,0,3757,3741,220,220,0,0,0,0,0,true,true,16,32,0,0,0,0,0,0
144.10,3,31,23.36,6.17,20 ms,2025-04-30 09:26:54.285,2025-04-30 09:26:54.285,2025-04-30 09:26:53.999,2025-04-30 09:26:53.933,4.97,5.91,2.02,-3.43,-0.01,-5.92,4.97,2.88,1.08,2.03,2.48,1.39,0,0,0,0,0,false,false,1745972814254,591,997,0,59,5249,-299,3756,3755,3755,3750,3753,3757,3753,3752,3747,3747,3743,3742,3747,3741,0,0,0,0,0,0,0,0,0,0,0,0,0,0,3757,3741,220,220,0,0,0,0,0,true,true,16,32,0,0,0,0,0,0
144.10,3,31,23.36,6.17,20 ms,2025-04-30 09:26:54.479,2025-04-30 09:26:54.479,2025-04-30 09:26:53.999,2025-04-30 09:26:54.406,4.97,5.94,2.01,-3.43,-0.02,-5.93,4.97,2.88,1.07,2.03,2.48,1.39,0,0,0,0,0,false,false,1745972814459,591,997,0,59,5249,-299,3756,3755,3755,3750,3753,3757,3753,3752,3747,3747,3743,3742,3747,3741,0,0,0,0,0,0,0,0,0,0,0,0,0,0,3757,3741,220,220,0,0,0,0,0,true,true,16,32,0,0,0,0,0,0
229.58,5,20,23.36,6.17,23 ms,2025-04-30 09:26:54.642,2025-04-30 09:26:54.683,2025-04-30 09:26:54.602,2025-04-30 09:26:54.406,4.97,5.94,2.01,-3.43,-0.02,-5.93,4.97,2.88,1.07,2.03,2.48,1.39,0,0,0,0,0,false,false,1745972814662,591,997,0,59,5249,-299,3756,3755,3755,3750,3753,3757,3753,3752,3747,3747,3744,3742,3746,3741,0,0,0,0,0,0,0,0,0,0,0,0,0,0,3757,3741,220,220,0,0,0,0,0,true,true,16,32,0,0,0,0,0,0
229.58,5,20,23.05,9.65,23 ms,2025-04-30 09:26:54.876,2025-04-30 09:26:54.877,2025-04-30 09:26:54.602,2025-04-30 09:26:54.876,4.97,5.98,2.03,-2.80,0.00,-5.94,4.97,2.88,1.08,2.12,2.49,1.39,0,0,0,0,0,false,false,1745972814853,591,997,0,59,5249,-299,3756,3755,3755,3750,3753,3757,3753,3752,3747,3747,3744,3742,3746,3741,0,0,0,0,0,0,0,0,0,0,0,0,0,0,3757,3741,220,220,0,0,0,0,0,true,true,16,32,0,0,0,0,0,0
229.58,5,20,23.04,9.75,24 ms,2025-04-30 09:26:55.068,2025-04-30 09:26:55.085,2025-04-30 09:26:54.602,2025-04-30 09:26:54.876,4.97,5.98,2.03,-2.80,0.00,-5.94,4.97,2.88,1.08,2.12,2.49,1.39,0,0,0,0,0,false,false,1745972815058,591,997,0,59,5249,-299,3756,3755,3755,3750,3753,3757,3753,3752,3747,3747,3744,3742,3746,3741,0,0,0,0,0,0,0,0,0,0,0,0,0,0,3757,3741,220,220,0,0,0,0,0,true,true,16,32,0,0,0,0,0,0
229.58,5,20,23.02,9.96,20 ms,2025-04-30 09:26:55.261,2025-04-30 09:26:55.282,2025-04-30 09:26:55.200,2025-04-30 09:26:54.876,4.97,5.98,2.03,-2.80,0.00,-5.94,4.97,2.88,1.08,2.12,2.49,1.39,0,0,0,0,0,false,false,1745972815261,591,997,0,59,5226,-476,3741,3737,3737,3733,3736,3739,3736,3738,3730,3729,3726,3726,3730,3724,0,0,0,0,0,0,0,0,0,0,0,0,0,0,3741,3724,220,220,0,0,0,0,0,true,true,16,32,0,0,0,0,0,0
229.58,5,20,23.02,9.94,25 ms,2025-04-30 09:26:55.445,2025-04-30 09:26:55.476,2025-04-30 09:26:55.200,2025-04-30 09:26:55.345,4.97,9.51,3.25,-1.61,0.00,-5.94,4.97,3.11,1.73,2.27,2.49,1.39,0,0,0,0,0,false,false,1745972815466,591,997,0,59,5226,-476,3741,3737,3737,3733,3736,3739,3736,3738,3730,3729,3726,3726,3730,3724,0,0,0,0,0,0,0,0,0,0,0,0,0,0,3741,3724,220,220,0,0,0,0,0,true,true,16,32,0,0,0,0,0,0
229.58,5,20,23.01,9.97,24 ms,2025-04-30 09:26:55.671,2025-04-30 09:26:55.684,2025-04-30 09:26:55.200,2025-04-30 09:26:55.345,4.97,9.51,3.25,-1.61,0.00,-5.94,4.97,3.11,1.73,2.27,2.49,1.39,0,0,0,0,0,false,false,1745972815660,591,997,0,59,5226,-476,3741,3737,3737,3733,3736,3739,3736,3738,3730,3729,3726,3726,3730,3724,0,0,0,0,0,0,0,0,0,0,0,0,0,0,3741,3724,220,220,0,0,0,0,0,true,true,16,32,0,0,0,0,0,0
229.58,5,20,23.01,9.98,20 ms,2025-04-30 09:26:55.867,2025-04-30 09:26:55.887,2025-04-30 09:26:55.794,2025-04-30 09:26:55.821,4.97,9.69,3.29,-1.84,-0.00,-5.95,4.97,3.13,1.75,2.24,2.49,1.39,0,0,0,0,0,false,false,1745972815856,591,997,0,59,5223,-487,3739,3736,3736,3732,3734,3738,3735,3736,3728,3728,3724,3723,3727,3723,0,0,0,0,0,0,0,0,0,0,0,0,0,0,3739,3723,220,220,0,0,0,0,0,true,true,16,32,0,0,0,0,0,0
229.58,5,20,23.01,9.98,19 ms,2025-04-30 09:26:56.079,2025-04-30 09:26:56.080,2025-04-30 09:26:55.794,2025-04-30 09:26:55.821,4.97,9.69,3.29,-1.84,-0.00,-5.95,4.97,3.13,1.75,2.24,2.49,1.39,0,0,0,0,0,false,false,1745972816060,591,997,0,59,5223,-487,3739,3736,3736,3732,3734,3738,3735,3736,3728,3728,3724,3723,3727,3723,0,0,0,0,0,0,0,0,0,0,0,0,0,0,3739,3723,220,220,0,0,0,0,0,true,true,16,32,0,0,0,0,0,0
229.58,5,20,23.01,9.98,20 ms,2025-04-30 09:26:56.274,2025-04-30 09:26:56.284,2025-04-30 09:26:55.794,2025-04-30 09:26:55.821,4.97,9.69,3.29,-1.84,-0.00,-5.95,4.97,3.13,1.75,2.24,2.49,1.39,0,0,0,0,0,false,false,1745972816253,591,997,0,59,5223,-487,3739,3736,3736,3732,3734,3738,3735,3736,3728,3728,3724,3723,3727,3723,0,0,0,0,0,0,0,0,0,0,0,0,0,0,3739,3723,220,220,0,0,0,0,0,true,true,16,32,0,0,0,0,0,0
229.58,5,20,23.01,9.98,24 ms,2025-04-30 09:26:56.466,2025-04-30 09:26:56.476,2025-04-30 09:26:56.416,2025-04-30 09:26:56.312,4.97,9.55,3.28,-1.06,-0.00,-5.96,4.97,3.12,1.75,2.35,2.49,1.38,0,0,0,0,0,false,false,1745972816456,591,997,0,59,5223,-487,3739,3735,3735,3731,3734,3737,3734,3735,3727,3727,3724,3723,3727,3722,0,0,0,0,0,0,0,0,0,0,0,0,0,0,3739,3722,220,220,0,0,0,0,0,true,true,16,32,0,0,0,0,0,0
229.58,5,20,23.01,9.98,24 ms,2025-04-30 09:26:56.668,2025-04-30 09:26:56.684,2025-04-30 09:26:56.416,2025-04-30 09:26:56.312,4.97,9.55,3.28,-1.06,-0.00,-5.96,4.97,3.12,1.75,2.35,2.49,1.38,0,0,0,0,0,false,false,1745972816658,591,997,0,59,5223,-487,3739,3735,3735,3731,3734,3737,3734,3735,3727,3727,3724,3723,3727,3722,0,0,0,0,0,0,0,0,0,0,0,0,0,0,3739,3722,220,220,0,0,0,0,0,true,true,16,32,0,0,0,0,0,0
229.58,5,20,23.01,9.98,20 ms,2025-04-30 09:26:56.860,2025-04-30 09:26:56.881,2025-04-30 09:26:56.416,2025-04-30 09:26:56.783,4.97,9.55,3.29,-0.83,0.01,-5.96,4.97,3.12,1.75,2.38,2.49,1.38,0,0,0,0,0,false,false,1745972816860,591,997,0,59,5223,-487,3739,3735,3735,3731,3734,3737,3734,3735,3727,3727,3724,3723,3727,3722,0,0,0,0,0,0,0,0,0,0,0,0,0,0,3739,3722,220,220,0,0,0,0,0,true,true,16,32,0,0,0,0,0,0
229.58,5,20,23.01,9.98,24 ms,2025-04-30 09:26:57.084,2025-04-30 09:26:57.084,2025-04-30 09:26:57.003,2025-04-30 09:26:56.783,4.97,9.55,3.29,-0.83,0.01,-5.96,4.97,3.12,1.75,2.38,2.49,1.38,0,0,0,0,0,false,false,1745972817060,591,997,0,59,5222,-487,3738,3735,3735,3730,3733,3737,3733,3735,3727,3727,3723,3722,3727,3721,0,0,0,0,0,0,0,0,0,0,0,0,0,0,3738,3721,220,220,0,0,0,0,0,true,true,16,32,0,0,0,0,0,0
229.58,5,20,23.01,9.98,19 ms,2025-04-30 09:26:57.277,2025-04-30 09:26:57.277,2025-04-30 09:26:57.003,2025-04-30 09:26:57.257,4.97,9.61,3.29,-1.46,-0.00,-5.97,4.97,3.12,1.75,2.29,2.49,1.38,0,0,0,0,0,false,false,1745972817257,591,997,0,59,5222,-487,3738,3735,3735,3730,3733,3737,3733,3735,3727,3727,3723,3722,3727,3721,0,0,0,0,0,0,0,0,0,0,0,0,0,0,3738,3721,220,220,0,0,0,0,0,true,true,16,32,0,0,0,0,0,0
229.58,5,20,23.01,9.98,20 ms,2025-04-30 09:26:57.481,2025-04-30 09:26:57.482,2025-04-30 09:26:57.003,2025-04-30 09:26:57.257,4.97,9.61,3.29,-1.46,-0.00,-5.97,4.97,3.12,1.75,2.29,2.49,1.38,0,0,0,0,0,false,false,1745972817461,591,997,0,59,5222,-487,3738,3735,3735,3730,3733,3737,3733,3735,3727,3727,3723,3722,3727,3721,0,0,0,0,0,0,0,0,0,0,0,0,0,0,3738,3721,220,220,0,0,0,0,0,true,true,16,32,0,0,0,0,0,0
229.58,5,20,23.02,9.98,24 ms,2025-04-30 09:26:57.673,2025-04-30 09:26:57.683,2025-04-30 09:26:57.609,2025-04-30 09:26:57.257,4.97,9.61,3.29,-1.46,-0.00,-5.97,4.97,3.12,1.75,2.29,2.49,1.38,0,0,0,0,0,false,false,1745972817655,591,997,0,59,5222,-487,3738,3735,3735,3730,3733,3737,3733,3734,3726,3726,3723,3722,3726,3722,0,0,0,0,0,0,0,0,0,0,0,0,0,0,3738,3722,220,220,0,0,0,0,0,true,true,16,32,0,0,0,0,0,0
229.58,5,20,23.02,9.98,20 ms,2025-04-30 09:26:57.878,2025-04-30 09:26:57.878,2025-04-30 09:26:57.609,2025-04-30 09:26:57.737,4.97,9.64,3.30,-1.59,-0.00,-5.98,4.97,3.12,1.76,2.28,2.49,1.38,0,0,0,0,0,false,false,1745972817857,591,997,0,59,5222,-487,3738,3735,3735,3730,3733,3737,3733,3734,3726,3726,3723,3722,3726,3722,0,0,0,0,0,0,0,0,0,0,0,0,0,0,3738,3722,220,220,0,0,0,0,0,true,true,16,32,0,0,0,0,0,0
229.58,5,20,23.01,9.98,20 ms,2025-04-30 09:26:58.061,2025-04-30 09:26:58.082,2025-04-30 09:26:57.609,2025-04-30 09:26:57.737,4.97,9.64,3.30,-1.59,-0.00,-5.98,4.97,3.12,1.76,2.28,2.49,1.38,0,0,0,0,0,false,false,1745972818061,591,997,0,59,5222,-487,3738,3735,3735,3730,3733,3737,3733,3734,3726,3726,3723,3722,3726,3722,0,0,0,0,0,0,0,0,0,0,0,0,0,0,3738,3722,220,220,0,0,0,0,0,true,true,16,32,0,0,0,0,0,0
229.58,5,20,23.02,9.98,20 ms,2025-04-30 09:26:58.274,2025-04-30 09:26:58.285,2025-04-30 09:26:58.203,2025-04-30 09:26:58.214,4.97,9.58,3.29,-1.66,-0.00,-5.99,4.97,3.12,1.75,2.27,2.49,1.38,0,0,0,0,0,false,false,1745972818254,591,997,0,59,5221,-487,3738,3734,3734,3730,3733,3736,3733,3734,3726,3726,3722,3721,3725,3721,0,0,0,0,0,0,0,0,0,0,0,0,0,0,3738,3721,220,220,0,0,0,0,0,true,true,16,32,0,0,0,0,0,0
229.58,5,20,23.02,9.98,24 ms,2025-04-30 09:26:58.452,2025-04-30 09:26:58.479,2025-04-30 09:26:58.203,2025-04-30 09:26:58.214,4.97,9.58,3.29,-1.66,-0.00,-5.99,4.97,3.12,1.75,2.27,2.49,1.38,0,0,0,0,0,false,false,1745972818458,591,997,0,59,5221,-487,3738,3734,3734,3730,3733,3736,3733,3734,3726,3726,3722,3721,3725,3721,0,0,0,0,0,0,0,0,0,0,0,0,0,0,3738,3721,220,220,0,0,0,0,0,true,true,16,32,0,0,0,0,0,0
229.58,5,20,23.02,9.98,20 ms,2025-04-30 09:26:58.663,2025-04-30 09:26:58.683,2025-04-30 09:26:58.203,2025-04-30 09:26:58.214,4.97,9.58,3.29,-1.66,-0.00,-5.99,4.97,3.12,1.75,2.27,2.49,1.38,0,0,0,0,0,false,false,1745972818652,591,997,0,59,5221,-487,3738,3734,3734,3730,3733,3736,3733,3734,3726,3726,3722,3721,3725,3721,0,0,0,0,0,0,0,0,0,0,0,0,0,0,3738,3721,220,220,0,0,0,0,0,true,true,16,32,0,0,0,0,0,0
229.58,5,20,23.02,9.98,20 ms,2025-04-30 09:26:58.885,2025-04-30 09:26:58.885,2025-04-30 09:26:58.815,2025-04-30 09:26:58.691,4.97,9.56,3.27,-1.36,0.00,-5.99,4.97,3.12,1.75,2.31,2.49,1.38,0,0,0,0,0,false,false,1745972818855,591,997,0,59,5220,-487,3737,3734,3734,3729,3732,3736,3733,3734,3725,3725,3722,3721,3725,3721,0,0,0,0,0,0,0,0,0,0,0,0,0,0,3737,3721,220,220,0,0,0,0,0,true,true,16,32,0,0,0,0,0,0
229.58,5,20,23.02,9.98,23 ms,2025-04-30 09:26:59.066,2025-04-30 09:26:59.076,2025-04-30 09:26:58.815,2025-04-30 09:26:58.691,4.97,9.56,3.27,-1.36,0.00,-5.99,4.97,3.12,1.75,2.31,2.49,1.38,0,0,0,0,0,false,false,1745972819056,591,997,0,59,5220,-487,3737,3734,3734,3729,3732,3736,3733,3734,3725,3725,3722,3721,3725,3721,0,0,0,0,0,0,0,0,0,0,0,0,0,0,3737,3721,220,220,0,0,0,0,0,true,true,16,32,0,0,0,0,0,0
229.58,5,20,23.02,9.98,20 ms,2025-04-30 09:26:59.247,2025-04-30 09:26:59.277,2025-04-30 09:26:58.815,2025-04-30 09:26:59.172,4.97,9.66,3.28,-1.74,-0.01,-6.00,4.97,3.12,1.75,2.26,2.48,1.38,0,0,0,0,0,false,false,1745972819257,591,997,0,59,5220,-487,3737,3734,3734,3729,3732,3736,3733,3734,3725,3725,3722,3721,3725,3721,0,0,0,0,0,0,0,0,0,0,0,0,0,0,3737,3721,220,220,0,0,0,0,0,true,true,16,32,0,0,0,0,0,0
229.58,5,20,23.02,9.98,20 ms,2025-04-30 09:26:59.480,2025-04-30 09:26:59.481,2025-04-30 09:26:59.418,2025-04-30 09:26:59.172,4.97,9.66,3.28,-1.74,-0.01,-6.00,4.97,3.12,1.75,2.26,2.48,1.38,0,0,0,0,0,false,false,1745972819460,591,997,0,59,5220,-488,3737,3734,3733,3729,3732,3735,3732,3733,3725,3725,3722,3721,3725,3721,0,0,0,0,0,0,0,0,0,0,0,0,0,0,3737,3721,220,220,0,0,0,0,0,true,true,16,32,0,0,0,0,0,0
229.58,5,20,23.02,9.98,24 ms,2025-04-30 09:26:59.684,2025-04-30 09:26:59.684,2025-04-30 09:26:59.418,2025-04-30 09:26:59.646,4.97,9.63,3.29,-1.56,0.01,-6.01,4.97,3.12,1.76,2.28,2.49,1.37,0,0,0,0,0,false,false,1745972819659,591,997,0,59,5220,-488,3737,3734,3733,3729,3732,3735,3732,3733,3725,3725,3722,3721,3725,3721,0,0,0,0,0,0,0,0,0,0,0,0,0,0,3737,3721,220,220,0,0,0,0,0,true,true,16,32,0,0,0,0,0,0
0.00,3,20,23.02,9.98,25 ms,2025-04-30 09:26:59.868,2025-04-30 09:26:59.884,2025-04-30 09:26:59.418,2025-04-30 09:26:59.646,4.97,9.63,3.29,-1.56,0.01,-6.01,4.97,3.12,1.76,2.28,2.49,1.37,0,0,0,0,0,false,false,1745972819858,591,997,0,59,5220,-488,3737,3734,3733,3729,3732,3735,3732,3733,3725,3725,3722,3721,3725,3721,0,0,0,0,0,0,0,0,0,0,0,0,0,0,3737,3721,220,220,0,0,0,0,0,true,true,16,32,0,0,0,0,0,0
0.00,3,20,23.93,0.15,20 ms,2025-04-30 09:27:00.062,2025-04-30 09:27:00.084,2025-04-30 09:27:00.021,2025-04-30 09:26:59.646,4.97,9.63,3.29,-1.56,0.01,-6.01,4.97,3.12,1.76,2.28,2.49,1.37,0,0,0,0,0,false,false,1745972820062,591,997,0,59,5245,-159,3736,3733,3776,3775,3732,3776,3732,3771,3725,3725,3766,3721,3770,3720,0,0,0,0,0,0,0,0,0,0,0,0,0,0,3776,3720,220,220,0,0,0,0,0,true,true,16,32,0,0,0,0,0,0
0.00,3,20,23.95,0.01,19 ms,2025-04-30 09:27:00.275,2025-04-30 09:27:00.286,2025-04-30 09:27:00.021,2025-04-30 09:27:00.121,4.97,0.12,0.03,-6.23,0.01,-6.03,4.97,2.49,0.01,1.66,2.49,1.37,0,0,0,0,0,false,false,1745972820256,591,997,0,59,5245,-159,3736,3733,3776,3775,3732,3776,3732,3771,3725,3725,3766,3721,3770,3720,0,0,0,0,0,0,0,0,0,0,0,0,0,0,3776,3720,220,220,0,0,0,0,0,true,true,16,32,0,0,0,0,0,0
0.00,3,20,23.95,0.01,24 ms,2025-04-30 09:27:00.470,2025-04-30 09:27:00.490,2025-04-30 09:27:00.021,2025-04-30 09:27:00.121,4.97,0.12,0.03,-6.23,0.01,-6.03,4.97,2.49,0.01,1.66,2.49,1.37,0,0,0,0,0,false,false,1745972820459,591,997,0,59,5245,-159,3736,3733,3776,3775,3732,3776,3732,3771,3725,3725,3766,3721,3770,3720,0,0,0,0,0,0,0,0,0,0,0,0,0,0,3776,3720,220,220,0,0,0,0,0,true,true,16,32,0,0,0,0,0,0
0.00,3,20,23.95,0.01,24 ms,2025-04-30 09:27:00.674,2025-04-30 09:27:00.684,2025-04-30 09:27:00.632,2025-04-30 09:27:00.598,4.97,-0.06,-0.04,-6.31,-0.01,-6.04,4.97,2.48,-0.02,1.65,2.48,1.37,0,0,0,0,0,false,false,1745972820663,591,997,0,59,5285,0,3780,3781,3781,3777,3779,3783,3777,3774,3774,3774,3768,3768,3773,3765,0,0,0,0,0,0,0,0,0,0,0,0,0,0,3783,3765,220,220,0,0,0,0,0,true,true,16,32,0,0,0,0,0,0
0.00,3,20,23.95,0.01,20 ms,2025-04-30 09:27:00.879,2025-04-30 09:27:00.879,2025-04-30 09:27:00.632,2025-04-30 09:27:00.598,4.97,-0.06,-0.04,-6.31,-0.01,-6.04,4.97,2.48,-0.02,1.65,2.48,1.37,0,0,0,0,0,false,false,1745972820858,591,997,0,59,5285,0,3780,3781,3781,3777,3779,3783,3777,3774,3774,3774,3768,3768,3773,3765,0,0,0,0,0,0,0,0,0,0,0,0,0,0,3783,3765,220,220,0,0,0,0,0,true,true,16,32,0,0,0,0,0,0
0.00,3,20,23.95,0.01,20 ms,2025-04-30 09:27:01.082,2025-04-30 09:27:01.082,2025-04-30 09:27:00.632,2025-04-30 09:27:01.066,4.97,-0.09,-0.03,-6.35,-0.01,-6.05,4.97,2.48,-0.01,1.65,2.48,1.37,0,0,0,0,0,false,false,1745972821061,591,997,0,59,5285,0,3780,3781,3781,3777,3779,3783,3777,3774,3774,3774,3768,3768,3773,3765,0,0,0,0,0,0,0,0,0,0,0,0,0,0,3783,3765,220,220,0,0,0,0,0,true,true,16,32,0,0,0,0,0,0
0.00,3,20,23.95,0.00,20 ms,2025-04-30 09:27:01.257,2025-04-30 09:27:01.277,2025-04-30 09:27:01.215,2025-04-30 09:27:01.066,4.97,-0.09,-0.03,-6.35,-0.01,-6.05,4.97,2.48,-0.01,1.65,2.48,1.37,0,0,0,0,0,false,false,1745972821257,591,997,0,59,5286,0,3780,3782,3782,3778,3781,3784,3778,3775,3774,3774,3770,3769,3773,3765,0,0,0,0,0,0,0,0,0,0,0,0,0,0,3784,3765,220,220,0,0,0,0,0,true,true,16,32,0,0,0,0,0,0
0.00,3,20,23.95,0.00,20 ms,2025-04-30 09:27:01.480,2025-04-30 09:27:01.481,2025-04-30 09:27:01.215,2025-04-30 09:27:01.066,4.97,-0.09,-0.03,-6.35,-0.01,-6.05,4.97,2.48,-0.01,1.65,2.48,1.37,0,0,0,0,0,false,false,1745972821460,591,997,0,59,5286,0,3780,3782,3782,3778,3781,3784,3778,3775,3774,3774,3770,3769,3773,3765,0,0,0,0,0,0,0,0,0,0,0,0,0,0,3784,3765,220,220,0,0,0,0,0,true,true,16,32,0,0,0,0,0,0
0.00,3,20,23.95,0.00,25 ms,2025-04-30 09:27:01.666,2025-04-30 09:27:01.682,2025-04-30 09:27:01.215,2025-04-30 09:27:01.541,4.97,-0.10,-0.02,-6.33,-0.01,-6.06,4.97,2.48,-0.01,1.65,2.48,1.36,0,0,0,0,0,false,false,1745972821656,591,997,0,59,5286,0,3780,3782,3782,3778,3781,3784,3778,3775,3774,3774,3770,3769,3773,3765,0,0,0,0,0,0,0,0,0,0,0,0,0,0,3784,3765,220,220,0,0,0,0,0,true,true,16,32,0,0,0,0,0,0
0.00,3,20,23.95,0.00,19 ms,2025-04-30 09:27:01.857,2025-04-30 09:27:01.877,2025-04-30 09:27:01.827,2025-04-30 09:27:01.541,4.97,-0.10,-0.02,-6.33,-0.01,-6.06,4.97,2.48,-0.01,1.65,2.48,1.36,0,0,0,0,0,false,false,1745972821857,591,997,0,59,5287,0,3781,3783,3783,3778,3781,3785,3779,3776,3775,3775,3771,3770,3774,3767,0,0,0,0,0,0,0,0,0,0,0,0,0,0,3785,3767,220,220,0,0,0,0,0,true,true,16,32,0,0,0,0,0,0
0.00,3,20,23.95,0.00,25 ms,2025-04-30 09:27:02.049,2025-04-30 09:27:02.078,2025-04-30 09:27:01.827,2025-04-30 09:27:02.012,4.97,-0.05,-0.03,-6.35,-0.00,-6.07,4.97,2.48,-0.02,1.65,2.49,1.36,0,0,0,0,0,false,false,1745972822058,591,997,0,59,5287,0,3781,3783,3783,3778,3781,3785,3779,3776,3775,3775,3771,3770,3774,3767,0,0,0,0,0,0,0,0,0,0,0,0,0,0,3785,3767,220,220,0,0,0,0,0,true,true,16,32,0,0,0,0,0,0
0.00,3,20,23.95,0.00,24 ms,2025-04-30 09:27:02.270,2025-04-30 09:27:02.287,2025-04-30 09:27:01.827,2025-04-30 09:27:02.012,4.97,-0.05,-0.03,-6.35,-0.00,-6.07,4.97,2.48,-0.02,1.65,2.49,1.36,0,0,0,0,0,false,false,1745972822260,591,997,0,59,5287,0,3781,3783,3783,3778,3781,3785,3779,3776,3775,3775,3771,3770,3774,3767,0,0,0,0,0,0,0,0,0,0,0,0,0,0,3785,3767,220,220,0,0,0,0,0,true,true,16,32,0,0,0,0,0,0
0.00,3,20,23.95,0.00,20 ms,2025-04-30 09:27:02.475,2025-04-30 09:27:02.485,2025-04-30 09:27:02.423,2025-04-30 09:27:02.012,4.97,-0.05,-0.03,-6.35,-0.00,-6.07,4.97,2.48,-0.02,1.65,2.49,1.36,0,0,0,0,0,false,false,1745972822454,591,997,0,59,5288,0,3782,3783,3783,3779,3782,3786,3779,3776,3776,3776,3772,3771,3775,3767,0,0,0,0,0,0,0,0,0,0,0,0,0,0,3786,3767,220,220,0,0,0,0,0,true,true,16,32,0,0,0,0,0,0
0.00,3,20,23.95,0.00,20 ms,2025-04-30 09:27:02.659,2025-04-30 09:27:02.680,2025-04-30 09:27:02.423,2025-04-30 09:27:02.486,4.97,-0.03,-0.03,-6.33,-0.00,-6.07,4.97,2.48,-0.01,1.65,2.49,1.36,0,0,0,0,0,false,false,1745972822659,591,997,0,59,5288,0,3782,3783,3783,3779,3782,3786,3779,3776,3776,3776,3772,3771,3775,3767,0,0,0,0,0,0,0,0,0,0,0,0,0,0,3786,3767,220,220,0,0,0,0,0,true,true,16,32,0,0,0,0,0,0
