No,DateTime,Comment,Charging,Discharging,PackVolt,Current,Protect,Cell01,Cell02,Cell03,Cell04,Cell05,Cell06,Cell07,Cell08,Cell09,Cell10,Cell11,Cell12,Cell13,Cell14,Temp01,Temp02,Temp03,Temp04,FAN0,FAN1,BAL0,BAL1
675,2025.03.02 16:55:37,6,ON,ON,53.112,0,0,3.799,3.799,3.799,3.799,3.799,3.799,3.799,3.799,3.799,3.799,3.799,3.799,3.799,3.799,19,19,19,19,OFF,OFF,0,0
676,2025.03.02 16:55:38,6,ON,ON,53.113,0,0,3.799,3.799,3.799,3.799,3.799,3.799,3.799,3.799,3.799,3.799,3.799,3.799,3.799,3.799,19,19,19,19,OFF,OFF,0,0
677,2025.03.02 16:55:39,6,ON,ON,53.115,0,0,3.799,3.799,3.799,3.799,3.799,3.799,3.799,3.799,3.799,3.799,3.799,3.799,3.799,3.799,19,19,19,19,OFF,OFF,0,0
678,2025.03.02 16:55:40,6,ON,ON,53.117,0,0,3.799,3.799,3.799,3.799,3.799,3.799,3.799,3.799,3.799,3.799,3.799,3.799,3.799,3.799,19,19,19,19,OFF,OFF,0,0
679,2025.03.02 16:55:41,6,ON,ON,53.121,0,0,3.8,3.8,3.8,3.8,3.8,3.8,3.8,3.8,3.8,3.8,3.8,3.8,3.8,3.8,19,19,19,19,OFF,OFF,0,0
680,2025.03.02 16:55:42,6,ON,ON,53.077,0,0,3.796,3.796,3.796,3.796,3.796,3.796,3.796,3.796,3.796,3.796,3.796,3.796,3.796,3.796,19,19,19,19,OFF,OFF,0,0
681,2025.03.02 16:55:43,6,ON,ON,52.784,-2.37,0,3.777,3.777,3.777,3.777,3.777,3.777,3.777,3.777,3.777,3.777,3.777,3.777,3.777,3.777,19,19,19,19,OFF,OFF,0,0
682,2025.03.02 16:55:44,6,ON,ON,52.728,-2.529,0,3.775,3.775,3.775,3.775,3.775,3.775,3.775,3.775,3.775,3.775,3.775,3.775,3.775,3.775,19,19,19,19,OFF,OFF,0,0
683,2025.03.02 16:55:45,6,ON,ON,52.704,-2.491,0,3.771,3.771,3.771,3.771,3.771,3.771,3.771,3.771,3.771,3.771,3.771,3.771,3.771,3.771,19,19,19,19,OFF,OFF,0,0
684,2025.03.02 16:55:46,6,ON,ON,52.605,-3.126,0,3.767,3.767,3.767,3.767,3.767,3.767,3.767,3.767,3.767,3.767,3.767,3.767,3.767,3.767,19,19,19,19,OFF,OFF,0,0
685,2025.03.02 16:55:47,6,ON,ON,52.517,-3.935,0,3.758,3.758,3.758,3.758,3.758,3.758,3.758,3.758,3.758,3.758,3.758,3.758,3.758,3.758,19,19,19,19,OFF,OFF,0,0
686,2025.03.02 16:55:48,6,ON,ON,52.526,-3.672,0,3.759,3.759,3.759,3.759,3.759,3.759,3.759,3.759,3.759,3.759,3.759,3.759,3.759,3.759,19,19,19,19,OFF,OFF,0,0
687,2025.03.02 16:55:49,6,ON,ON,52.511,-4.027,0,3.763,3.763,3.763,3.763,3.763,3.763,3.763,3.763,3.763,3.763,3.763,3.763,3.763,3.763,19,19,19,19,OFF,OFF,0,0
688,2025.03.02 16:55:50,6,ON,ON,52.569,-3.44,0,3.763,3.763,3.763,3.763,3.763,3.763,3.763,3.763,3.763,3.763,3.763,3.763,3.763,3.763,19,19,19,19,OFF,OFF,0,0
689,2025.03.02 16:55:51,6,ON,ON,52.631,-2.434,0,3.77,3.77,3.77,3.77,3.77,3.77,3.77,3.77,3.77,3.77,3.77,3.77,3.77,3.77,19,19,19,19,OFF,OFF,0,0
690,2025.03.02 16:55:52,6,ON,ON,52.55,-3.434,0,3.762,3.762,3.762,3.762,3.762,3.762,3.762,3.762,3.762,3.762,3.762,3.762,3.762,3.762,19,19,19,19,OFF,OFF,0,0
691,2025.03.02 16:55:53,6,ON,ON,52.616,-3.227,0,3.76,3.76,3.76,3.76,3.76,3.76,3.76,3.76,3.76,3.76,3.76,3.76,3.76,3.76,19,19,19,19,OFF,OFF,0,0
692,2025.03.02 16:55:54,6,ON,ON,52.628,-2.345,0,3.763,3.763,3.763,3.763,3.763,3.763,3.763,3.763,3.763,3.763,3.763,3.763,3.763,3.763,19,19,19,19,OFF,OFF,0,0
693,2025.03.02 16:55:55,6,ON,ON,52.628,-2.345,0,3.763,3.763,3.763,3.763,3.763,3.763,3.763,3.763,3.763,3.763,3.763,3.763,3.763,3.763,19,19,19,19,OFF,OFF,0,0
694,2025.03.02 16:55:56,6,ON,ON,52.548,-3.307,0,3.76,3.76,3.76,3.76,3.76,3.76,3.76,3.76,3.76,3.76,3.76,3.76,3.76,3.76,19,19,19,19,OFF,OFF,0,0
695,2025.03.02 16:55:57,6,ON,ON,52.529,-3.63,0,3.76,3.76,3.76,3.76,3.76,3.76,3.76,3.76,3.76,3.76,3.76,3.76,3.76,3.76,19,19,19,19,OFF,OFF,0,0
696,2025.03.02 16:55:58,6,ON,ON,52.522,-3.443,0,3.766,3.766,3.766,3.766,3.766,3.766,3.766,3.766,3.766,3.766,3.766,3.766,3.766,3.766,19,19,19,19,OFF,OFF,0,0
697,2025.03.02 16:55:59,6,ON,ON,52.475,-3.916,0,3.757,3.757,3.757,3.757,3.757,3.757,3.757,3.757,3.757,3.757,3.757,3.757,3.757,3.757,19,19,19,19,OFF,OFF,0,0
698,2025.03.02 16:56:00,6,ON,ON,52.471,-3.735,0,3.754,3.754,3.754,3.754,3.754,3.754,3.754,3.754,3.754,3.754,3.754,3.754,3.754,3.754,19,19,19,19,OFF,OFF,0,0
699,2025.03.02 16:56:01,6,ON,ON,52.511,-3.294,0,3.758,3.758,3.758,3.758,3.758,3.758,3.758,3.758,3.758,3.758,3.758,3.758,3.758,3.758,19,19,19,19,OFF,OFF,0,0
700,2025.03.02 16:56:02,6,ON,ON,52.589,-2.424,0,3.755,3.755,3.755,3.755,3.755,3.755,3.755,3.755,3.755,3.755,3.755,3.755,3.755,3.755,19,19,19,19,OFF,OFF,0,0
701,2025.03.02 16:56:03,6,ON,ON,52.514,-3.307,0,3.757,3.757,3.757,3.757,3.757,3.757,3.757,3.757,3.757,3.757,3.757,3.757,3.757,3.757,19,19,19,19,OFF,OFF,0,0
702,2025.03.02 16:56:04,6,ON,ON,52.63,-2.573,0,3.759,3.759,3.759,3.759,3.759,3.759,3.759,3.759,3.759,3.759,3.759,3.759,3.759,3.759,19,19,19,19,OFF,OFF,0,0
703,2025.03.02 16:56:05,6,ON,ON,52.569,-3.389,0,3.759,3.759,3.759,3.759,3.759,3.759,3.759,3.759,3.759,3.759,3.759,3.759,3.759,3.759,19,19,19,19,OFF,OFF,0,0
704,2025.03.02 16:56:06,6,ON,ON,52.584,-3.215,0,3.758,3.758,3.758,3.758,3.758,3.758,3.758,3.758,3.758,3.758,3.758,3.758,3.758,3.758,19,19,19,19,OFF,OFF,0,0
705,2025.03.02 16:56:07,6,ON,ON,52.66,-2.275,0,3.769,3.769,3.769,3.769,3.769,3.769,3.769,3.769,3.769,3.769,3.769,3.769,3.769,3.769,19,19,19,19,OFF,OFF,0,0
706,2025.03.02 16:56:08,6,ON,ON,52.568,-3.17,0,3.769,3.769,3.769,3.769,3.769,3.769,3.769,3.769,3.769,3.769,3.769,3.769,3.769,3.769,19,19,19,19,OFF,OFF,0,0
707,2025.03.02 16:56:09,6,ON,ON,52.591,-2.697,0,3.764,3.764,3.764,3.764,3.764,3.764,3.764,3.764,3.764,3.764,3.764,3.764,3.764,3.764,19,19,19,19,OFF,OFF,0,0
708,2025.03.02 16:56:10,6,ON,ON,52.561,-2.885,0,3.762,3.762,3.762,3.762,3.762,3.762,3.762,3.762,3.762,3.762,3.762,3.762,3.762,3.762,19,19,19,19,OFF,OFF,0,0
709,2025.03.02 16:56:11,6,ON,ON,52.568,-2.742,0,3.761,3.761,3.761,3.761,3.761,3.761,3.761,3.761,3.761,3.761,3.761,3.761,3.761,3.761,19,19,19,19,OFF,OFF,0,0
710,2025.03.02 16:56:12,6,ON,ON,52.595,-2.767,0,3.761,3.761,3.761,3.761,3.761,3.761,3.761,3.761,3.761,3.761,3.761,3.761,3.761,3.761,19,19,19,19,OFF,OFF,0,0
711,2025.03.02 16:56:13,6,ON,ON,52.722,-1.697,0,3.773,3.773,3.773,3.773,3.773,3.773,3.773,3.773,3.773,3.773,3.773,3.773,3.773,3.773,19,19,19,19,OFF,OFF,0,0
712,2025.03.02 16:56:14,6,ON,ON,52.523,-2.646,0,3.755,3.755,3.755,3.755,3.755,3.755,3.755,3.755,3.755,3.755,3.755,3.755,3.755,3.755,19,19,19,19,OFF,OFF,0,0
713,2025.03.02 16:56:15,6,ON,ON,52.523,-2.646,0,3.755,3.755,3.755,3.755,3.755,3.755,3.755,3.755,3.755,3.755,3.755,3.755,3.755,3.755,19,19,19,19,OFF,OFF,0,0
714,2025.03.02 16:56:16,6,ON,ON,52.506,-3.303,0,3.765,3.765,3.765,3.765,3.765,3.765,3.765,3.765,3.765,3.765,3.765,3.765,3.765,3.765,19,19,19,19,OFF,OFF,0,0
715,2025.03.02 16:56:17,6,ON,ON,52.443,-3.614,0,3.75,3.75,3.75,3.75,3.75,3.75,3.75,3.75,3.75,3.75,3.75,3.75,3.75,3.75,19,19,19,19,OFF,OFF,0,0
716,2025.03.02 16:56:18,6,ON,ON,52.401,-3.792,0,3.753,3.753,3.753,3.753,3.753,3.753,3.753,3.753,3.753,3.753,3.753,3.753,3.753,3.753,19,19,19,19,OFF,OFF,0,0
717,2025.03.02 16:56:19,6,ON,ON,52.474,-3.446,0,3.756,3.756,3.756,3.756,3.756,3.756,3.756,3.756,3.756,3.756,3.756,3.756,3.756,3.756,19,19,19,19,OFF,OFF,0,0
718,2025.03.02 16:56:20,6,ON,ON,52.381,-4.344,0,3.747,3.747,3.747,3.747,3.747,3.747,3.747,3.747,3.747,3.747,3.747,3.747,3.747,3.747,19,19,19,19,OFF,OFF,0,0
719,2025.03.02 16:56:21,6,ON,ON,52.422,-3.868,0,3.756,3.756,3.756,3.756,3.756,3.756,3.756,3.756,3.756,3.756,3.756,3.756,3.756,3.756,19,19,19,19,OFF,OFF,0,0
720,2025.03.02 16:56:22,6,ON,ON,52.382,-4.252,0,3.749,3.749,3.749,3.749,3.749,3.749,3.749,3.749,3.749,3.749,3.749,3.749,3.749,3.749,19,19,19,19,OFF,OFF,0,0
721,2025.03.02 16:56:23,6,ON,ON,52.424,-3.494,0,3.756,3.756,3.756,3.756,3.756,3.756,3.756,3.756,3.756,3.756,3.756,3.756,3.756,3.756,19,19,19,19,OFF,OFF,0,0
722,2025.03.02 16:56:24,6,ON,ON,52.611,-2.193,0,3.765,3.765,3.765,3.765,3.765,3.765,3.765,3.765,3.765,3.765,3.765,3.765,3.765,3.765,19,19,19,19,OFF,OFF,0,0
723,2025.03.02 16:56:25,6,ON,ON,52.618,-1.967,0,3.766,3.766,3.766,3.766,3.766,3.766,3.766,3.766,3.766,3.766,3.766,3.766,3.766,3.766,19,19,19,19,OFF,OFF,0,0
724,2025.03.02 16:56:26,6,ON,ON,52.586,-2.196,0,3.767,3.767,3.767,3.767,3.767,3.767,3.767,3.767,3.767,3.767,3.767,3.767,3.767,3.767,19,19,19,19,OFF,OFF,0,0
725,2025.03.02 16:56:27,6,ON,ON,52.401,-3.983,0,3.753,3.753,3.753,3.753,3.753,3.753,3.753,3.753,3.753,3.753,3.753,3.753,3.753,3.753,19,19,19,19,OFF,OFF,0,0
726,2025.03.02 16:56:28,6,ON,ON,52.512,-2.919,0,3.761,3.761,3.761,3.761,3.761,3.761,3.761,3.761,3.761,3.761,3.761,3.761,3.761,3.761,19,19,19,19,OFF,OFF,0,0
727,2025.03.02 16:56:29,6,ON,ON,52.52,-2.526,0,3.764,3.764,3.764,3.764,3.764,3.764,3.764,3.764,3.764,3.764,3.764,3.764,3.764,3.764,19,19,19,19,OFF,OFF,0,0
728,2025.03.02 16:56:30,6,ON,ON,52.493,-3.491,0,3.755,3.755,3.755,3.755,3.755,3.755,3.755,3.755,3.755,3.755,3.755,3.755,3.755,3.755,19,19,19,19,OFF,OFF,0,0
729,2025.03.02 16:56:31,6,ON,ON,52.546,-2.885,0,3.758,3.758,3.758,3.758,3.758,3.758,3.758,3.758,3.758,3.758,3.758,3.758,3.758,3.758,19,19,19,19,OFF,OFF,0,0
730,2025.03.02 16:56:32,6,ON,ON,52.558,-2.374,0,3.758,3.758,3.758,3.758,3.758,3.758,3.758,3.758,3.758,3.758,3.758,3.758,3.758,3.758,19,19,19,19,OFF,OFF,0,0
731,2025.03.02 16:56:33,6,ON,ON,52.536,-2.326,0,3.761,3.761,3.761,3.761,3.761,3.761,3.761,3.761,3.761,3.761,3.761,3.761,3.761,3.761,19,19,19,19,OFF,OFF,0,0
732,2025.03.02 16:56:35,6,ON,ON,52.558,-2.51,0,3.761,3.761,3.761,3.761,3.761,3.761,3.761,3.761,3.761,3.761,3.761,3.761,3.761,3.761,19,19,19,19,OFF,OFF,0,0
733,2025.03.02 16:56:36,6,ON,ON,52.577,-2.275,0,3.76,3.76,3.76,3.76,3.76,3.76,3.76,3.76,3.76,3.76,3.76,3.76,3.76,3.76,19,19,19,19,OFF,OFF,0,0
734,2025.03.02 16:56:36,6,ON,ON,52.656,-2.005,0,3.767,3.767,3.767,3.767,3.767,3.767,3.767,3.767,3.767,3.767,3.767,3.767,3.767,3.767,19,19,19,19,OFF,OFF,0,0
735,2025.03.02 16:56:37,6,ON,ON,52.656,-2.005,0,3.767,3.767,3.767,3.767,3.767,3.767,3.767,3.767,3.767,3.767,3.767,3.767,3.767,3.767,19,19,19,19,OFF,OFF,0,0
736,2025.03.02 16:56:38,6,ON,ON,52.671,-1.885,0,3.77,3.77,3.77,3.77,3.77,3.77,3.77,3.77,3.77,3.77,3.77,3.77,3.77,3.77,19,19,19,19,OFF,OFF,0,0
737,2025.03.02 16:56:39,6,ON,ON,52.706,-1.628,0,3.77,3.77,3.77,3.77,3.77,3.77,3.77,3.77,3.77,3.77,3.77,3.77,3.77,3.77,19,19,19,19,OFF,OFF,0,0
738,2025.03.02 16:56:40,6,ON,ON,52.491,-3.211,0,3.751,3.751,3.751,3.751,3.751,3.751,3.751,3.751,3.751,3.751,3.751,3.751,3.751,3.751,19,19,19,19,OFF,OFF,0,0
739,2025.03.02 16:56:41,6,ON,ON,52.529,-2.374,0,3.765,3.765,3.765,3.765,3.765,3.765,3.765,3.765,3.765,3.765,3.765,3.765,3.765,3.765,19,19,19,19,OFF,OFF,0,0
740,2025.03.02 16:56:42,6,ON,ON,52.501,-3.357,0,3.751,3.751,3.751,3.751,3.751,3.751,3.751,3.751,3.751,3.751,3.751,3.751,3.751,3.751,19,19,19,19,OFF,OFF,0,0
741,2025.03.02 16:56:43,6,ON,ON,52.469,-2.881,0,3.755,3.755,3.755,3.755,3.755,3.755,3.755,3.755,3.755,3.755,3.755,3.755,3.755,3.755,19,19,19,19,OFF,OFF,0,0
742,2025.03.02 16:56:44,6,ON,ON,52.559,-2.735,0,3.764,3.764,3.764,3.764,3.764,3.764,3.764,3.764,3.764,3.764,3.764,3.764,3.764,3.764,19,19,19,19,OFF,OFF,0,0
743,2025.03.02 16:56:46,6,ON,ON,52.495,-2.586,0,3.753,3.753,3.753,3.753,3.753,3.753,3.753,3.753,3.753,3.753,3.753,3.753,3.753,3.753,19,19,19,19,OFF,OFF,0,0
744,2025.03.02 16:56:47,6,ON,ON,52.437,-3.237,0,3.756,3.756,3.756,3.756,3.756,3.756,3.756,3.756,3.756,3.756,3.756,3.756,3.756,3.756,19,19,19,19,OFF,OFF,0,0
745,2025.03.02 16:56:48,6,ON,ON,52.557,-2.586,0,3.763,3.763,3.763,3.763,3.763,3.763,3.763,3.763,3.763,3.763,3.763,3.763,3.763,3.763,19,19,19,19,OFF,OFF,0,0
746,2025.03.02 16:56:49,6,ON,ON,52.588,-2.259,0,3.761,3.761,3.761,3.761,3.761,3.761,3.761,3.761,3.761,3.761,3.761,3.761,3.761,3.761,19,19,19,19,OFF,OFF,0,0
747,2025.03.02 16:56:50,6,ON,ON,52.589,-1.964,0,3.758,3.758,3.758,3.758,3.758,3.758,3.758,3.758,3.758,3.758,3.758,3.758,3.758,3.758,19,19,19,19,OFF,OFF,0,0
748,2025.03.02 16:56:51,6,ON,ON,52.548,-3.342,0,3.75,3.75,3.75,3.75,3.75,3.75,3.75,3.75,3.75,3.75,3.75,3.75,3.75,3.75,19,19,19,19,OFF,OFF,0,0
749,2025.03.02 16:56:52,6,ON,ON,52.54,-2.923,0,3.758,3.758,3.758,3.758,3.758,3.758,3.758,3.758,3.758,3.758,3.758,3.758,3.758,3.758,19,19,19,19,OFF,OFF,0,0
750,2025.03.02 16:56:53,6,ON,ON,52.459,-3.31,0,3.755,3.755,3.755,3.755,3.755,3.755,3.755,3.755,3.755,3.755,3.755,3.755,3.755,3.755,19,19,19,19,OFF,OFF,0,0
751,2025.03.02 16:56:54,6,ON,ON,52.509,-2.885,0,3.765,3.765,3.765,3.765,3.765,3.765,3.765,3.765,3.765,3.765,3.765,3.765,3.765,3.765,19,19,19,19,OFF,OFF,0,0
752,2025.03.02 16:56:55,6,ON,ON,52.536,-3.24,0,3.757,3.757,3.757,3.757,3.757,3.757,3.757,3.757,3.757,3.757,3.757,3.757,3.757,3.757,19,19,19,19,OFF,OFF,0,0
753,2025.03.02 16:56:56,6,ON,ON,52.543,-2.205,0,3.764,3.764,3.764,3.764,3.764,3.764,3.764,3.764,3.764,3.764,3.764,3.764,3.764,3.764,19,19,19,19,OFF,OFF,0,0
754,2025.03.02 16:56:57,6,ON,ON,52.606,-2.123,0,3.766,3.766,3.766,3.766,3.766,3.766,3.766,3.766,3.766,3.766,3.766,3.766,3.766,3.766,19,19,19,19,OFF,OFF,0,0
755,2025.03.02 16:56:58,6,ON,ON,52.552,-3.154,0,3.765,3.765,3.765,3.765,3.765,3.765,3.765,3.765,3.765,3.765,3.765,3.765,3.765,3.765,19,19,19,19,OFF,OFF,0,0
756,2025.03.02 16:56:59,6,ON,ON,52.552,-3.154,0,3.765,3.765,3.765,3.765,3.765,3.765,3.765,3.765,3.765,3.765,3.765,3.765,3.765,3.765,19,19,19,19,OFF,OFF,0,0
757,2025.03.02 16:57:00,6,ON,ON,52.654,-1.739,0,3.769,3.769,3.769,3.769,3.769,3.769,3.769,3.769,3.769,3.769,3.769,3.769,3.769,3.769,19,19,19,19,OFF,OFF,0,0
758,2025.03.02 16:57:01,6,ON,ON,52.523,-3.024,0,3.753,3.753,3.753,3.753,3.753,3.753,3.753,3.753,3.753,3.753,3.753,3.753,3.753,3.753,19,19,19,19,OFF,OFF,0,0
759,2025.03.02 16:57:02,6,ON,ON,52.602,-2.132,0,3.765,3.765,3.765,3.765,3.765,3.765,3.765,3.765,3.765,3.765,3.765,3.765,3.765,3.765,19,19,19,19,OFF,OFF,0,0
760,2025.03.02 16:57:03,6,ON,ON,52.554,-2.659,0,3.766,3.766,3.766,3.766,3.766,3.766,3.766,3.766,3.766,3.766,3.766,3.766,3.766,3.766,19,19,19,19,OFF,OFF,0,0
761,2025.03.02 16:57:04,6,ON,ON,52.583,-2.805,0,3.764,3.764,3.764,3.764,3.764,3.764,3.764,3.764,3.764,3.764,3.764,3.764,3.764,3.764,19,19,19,19,OFF,OFF,0,0
762,2025.03.02 16:57:05,6,ON,ON,52.514,-2.577,0,3.758,3.758,3.758,3.758,3.758,3.758,3.758,3.758,3.758,3.758,3.758,3.758,3.758,3.758,19,19,19,19,OFF,OFF,0,0
763,2025.03.02 16:57:06,6,ON,ON,52.532,-2.913,0,3.76,3.76,3.76,3.76,3.76,3.76,3.76,3.76,3.76,3.76,3.76,3.76,3.76,3.76,19,19,19,19,OFF,OFF,0,0
764,2025.03.02 16:57:07,6,ON,ON,52.444,-2.967,0,3.75,3.75,3.75,3.75,3.75,3.75,3.75,3.75,3.75,3.75,3.75,3.75,3.75,3.75,19,19,19,19,OFF,OFF,0,0
765,2025.03.02 16:57:08,6,ON,ON,52.472,-2.967,0,3.753,3.753,3.753,3.753,3.753,3.753,3.753,3.753,3.753,3.753,3.753,3.753,3.753,3.753,19,19,19,19,OFF,OFF,0,0
766,2025.03.02 16:57:09,6,ON,ON,52.55,-2.345,0,3.762,3.762,3.762,3.762,3.762,3.762,3.762,3.762,3.762,3.762,3.762,3.762,3.762,3.762,19,19,19,19,OFF,OFF,0,0
767,2025.03.02 16:57:10,6,ON,ON,52.511,-2.066,0,3.75,3.75,3.75,3.75,3.75,3.75,3.75,3.75,3.75,3.75,3.75,3.75,3.75,3.75,19,19,19,19,OFF,OFF,0,0
768,2025.03.02 16:57:11,6,ON,ON,52.55,-2.148,0,3.766,3.766,3.766,3.766,3.766,3.766,3.766,3.766,3.766,3.766,3.766,3.766,3.766,3.766,19,19,19,19,OFF,OFF,0,0
769,2025.03.02 16:57:12,6,ON,ON,52.541,-2.951,0,3.75,3.75,3.75,3.75,3.75,3.75,3.75,3.75,3.75,3.75,3.75,3.75,3.75,3.75,19,19,19,19,OFF,OFF,0,0
770,2025.03.02 16:57:13,6,ON,ON,52.518,-2.881,0,3.755,3.755,3.755,3.755,3.755,3.755,3.755,3.755,3.755,3.755,3.755,3.755,3.755,3.755,19,19,19,19,OFF,OFF,0,0
771,2025.03.02 16:57:14,6,ON,ON,52.632,-1.831,0,3.767,3.767,3.767,3.767,3.767,3.767,3.767,3.767,3.767,3.767,3.767,3.767,3.767,3.767,19,19,19,19,OFF,OFF,0,0
772,2025.03.02 16:57:15,6,ON,ON,52.565,-2.586,0,3.761,3.761,3.761,3.761,3.761,3.761,3.761,3.761,3.761,3.761,3.761,3.761,3.761,3.761,19,19,19,19,OFF,OFF,0,0
773,2025.03.02 16:57:16,6,ON,ON,52.521,-2.107,0,3.762,3.762,3.762,3.762,3.762,3.762,3.762,3.762,3.762,3.762,3.762,3.762,3.762,3.762,19,19,19,19,OFF,OFF,0,0
774,2025.03.02 16:57:17,6,ON,ON,52.616,-2.078,0,3.763,3.763,3.763,3.763,3.763,3.763,3.763,3.763,3.763,3.763,3.763,3.763,3.763,3.763,19,19,19,19,OFF,OFF,0,0
775,2025.03.02 16:57:18,6,ON,ON,52.586,-2.697,0,3.764,3.764,3.764,3.764,3.764,3.764,3.764,3.764,3.764,3.764,3.764,3.764,3.764,3.764,19,19,19,19,OFF,OFF,0,0
776,2025.03.02 16:57:19,6,ON,ON,52.576,-2.177,0,3.764,3.764,3.764,3.764,3.764,3.764,3.764,3.764,3.764,3.764,3.764,3.764,3.764,3.764,19,19,19,19,OFF,OFF,0,0
777,2025.03.02 16:57:20,6,ON,ON,52.573,-2.612,0,3.766,3.766,3.766,3.766,3.766,3.766,3.766,3.766,3.766,3.766,3.766,3.766,3.766,3.766,19,19,19,19,OFF,OFF,0,0
778,2025.03.02 16:57:21,6,ON,ON,52.467,-3.056,0,3.754,3.754,3.754,3.754,3.754,3.754,3.754,3.754,3.754,3.754,3.754,3.754,3.754,3.754,19,19,19,19,OFF,OFF,0,0
779,2025.03.02 16:57:22,6,ON,ON,52.467,-3.056,0,3.754,3.754,3.754,3.754,3.754,3.754,3.754,3.754,3.754,3.754,3.754,3.754,3.754,3.754,19,19,19,19,OFF,OFF,0,0
780,2025.03.02 16:57:23,6,ON,ON,52.564,-2.212,0,3.766,3.766,3.766,3.766,3.766,3.766,3.766,3.766,3.766,3.766,3.766,3.766,3.766,3.766,19,19,19,19,OFF,OFF,0,0
781,2025.03.02 16:57:24,6,ON,ON,52.47,-2.485,0,3.747,3.747,3.747,3.747,3.747,3.747,3.747,3.747,3.747,3.747,3.747,3.747,3.747,3.747,19,19,19,19,OFF,OFF,0,0
782,2025.03.02 16:57:25,6,ON,ON,52.5,-2.688,0,3.756,3.756,3.756,3.756,3.756,3.756,3.756,3.756,3.756,3.756,3.756,3.756,3.756,3.756,19,19,19,19,OFF,OFF,0,0
783,2025.03.02 16:57:26,6,ON,ON,52.551,-2.329,0,3.755,3.755,3.755,3.755,3.755,3.755,3.755,3.755,3.755,3.755,3.755,3.755,3.755,3.755,19,19,19,19,OFF,OFF,0,0
784,2025.03.02 16:57:27,6,ON,ON,52.474,-2.605,0,3.751,3.751,3.751,3.751,3.751,3.751,3.751,3.751,3.751,3.751,3.751,3.751,3.751,3.751,19,19,19,19,OFF,OFF,0,0
785,2025.03.02 16:57:28,6,ON,ON,52.582,-2.148,0,3.765,3.765,3.765,3.765,3.765,3.765,3.765,3.765,3.765,3.765,3.765,3.765,3.765,3.765,19,19,19,19,OFF,OFF,0,0
786,2025.03.02 16:57:29,6,ON,ON,52.546,-2.167,0,3.766,3.766,3.766,3.766,3.766,3.766,3.766,3.766,3.766,3.766,3.766,3.766,3.766,3.766,19,19,19,19,OFF,OFF,0,0
787,2025.03.02 16:57:30,6,ON,ON,52.602,-1.891,0,3.766,3.766,3.766,3.766,3.766,3.766,3.766,3.766,3.766,3.766,3.766,3.766,3.766,3.766,19,19,19,19,OFF,OFF,0,0
788,2025.03.02 16:57:31,6,ON,ON,52.728,-1.244,0,3.773,3.773,3.773,3.773,3.773,3.773,3.773,3.773,3.773,3.773,3.773,3.773,3.773,3.773,19,19,19,19,OFF,OFF,0,0
789,2025.03.02 16:57:32,6,ON,ON,52.601,-2.212,0,3.761,3.761,3.761,3.761,3.761,3.761,3.761,3.761,3.761,3.761,3.761,3.761,3.761,3.761,19,19,19,19,OFF,OFF,0,0
790,2025.03.02 16:57:33,6,ON,ON,52.614,-1.936,0,3.764,3.764,3.764,3.764,3.764,3.764,3.764,3.764,3.764,3.764,3.764,3.764,3.764,3.764,19,19,19,19,OFF,OFF,0,0
791,2025.03.02 16:57:34,6,ON,ON,52.659,-1.755,0,3.768,3.768,3.768,3.768,3.768,3.768,3.768,3.768,3.768,3.768,3.768,3.768,3.768,3.768,19,19,19,19,OFF,OFF,0,0
792,2025.03.02 16:57:35,6,ON,ON,52.737,-1.196,0,3.773,3.773,3.773,3.773,3.773,3.773,3.773,3.773,3.773,3.773,3.773,3.773,3.773,3.773,19,19,19,19,OFF,OFF,0,0
793,2025.03.02 16:57:36,6,ON,ON,52.678,-2.548,0,3.768,3.768,3.768,3.768,3.768,3.768,3.768,3.768,3.768,3.768,3.768,3.768,3.768,3.768,19,19,19,19,OFF,OFF,0,0
794,2025.03.02 16:57:37,6,ON,ON,52.54,-2.748,0,3.755,3.755,3.755,3.755,3.755,3.755,3.755,3.755,3.755,3.755,3.755,3.755,3.755,3.755,19,19,19,19,OFF,OFF,0,0
795,2025.03.02 16:57:38,6,ON,ON,52.569,-2.259,0,3.758,3.758,3.758,3.758,3.758,3.758,3.758,3.758,3.758,3.758,3.758,3.758,3.758,3.758,19,19,19,19,OFF,OFF,0,0
796,2025.03.02 16:57:39,6,ON,ON,52.587,-2.259,0,3.764,3.764,3.764,3.764,3.764,3.764,3.764,3.764,3.764,3.764,3.764,3.764,3.764,3.764,19,19,19,19,OFF,OFF,0,0
797,2025.03.02 16:57:40,6,ON,ON,52.643,-1.805,0,3.767,3.767,3.767,3.767,3.767,3.767,3.767,3.767,3.767,3.767,3.767,3.767,3.767,3.767,19,19,19,19,OFF,OFF,0,0
798,2025.03.02 16:57:41,6,ON,ON,52.645,-1.732,0,3.766,3.766,3.766,3.766,3.766,3.766,3.766,3.766,3.766,3.766,3.766,3.766,3.766,3.766,19,19,19,19,OFF,OFF,0,0
799,2025.03.02 16:57:42,6,ON,ON,52.645,-1.732,0,3.766,3.766,3.766,3.766,3.766,3.766,3.766,3.766,3.766,3.766,3.766,3.766,3.766,3.766,19,19,19,19,OFF,OFF,0,0
800,2025.03.02 16:57:43,6,ON,ON,52.568,-2.234,0,3.765,3.765,3.765,3.765,3.765,3.765,3.765,3.765,3.765,3.765,3.765,3.765,3.765,3.765,19,19,19,19,OFF,OFF,0,0
801,2025.03.02 16:57:44,6,ON,ON,52.642,-2.205,0,3.767,3.767,3.767,3.767,3.767,3.767,3.767,3.767,3.767,3.767,3.767,3.767,3.767,3.767,19,19,19,19,OFF,OFF,0,0
802,2025.03.02 16:57:45,6,ON,ON,52.56,-2.897,0,3.761,3.761,3.761,3.761,3.761,3.761,3.761,3.761,3.761,3.761,3.761,3.761,3.761,3.761,19,19,19,19,OFF,OFF,0,0
803,2025.03.02 16:57:46,6,ON,ON,52.575,-2.221,0,3.766,3.766,3.766,3.766,3.766,3.766,3.766,3.766,3.766,3.766,3.766,3.766,3.766,3.766,19,19,19,19,OFF,OFF,0,0
804,2025.03.02 16:57:47,6,ON,ON,52.576,-2.17,0,3.76,3.76,3.76,3.76,3.76,3.76,3.76,3.76,3.76,3.76,3.76,3.76,3.76,3.76,19,19,19,19,OFF,OFF,0,0
805,2025.03.02 16:57:48,6,ON,ON,52.609,-2.072,0,3.765,3.765,3.765,3.765,3.765,3.765,3.765,3.765,3.765,3.765,3.765,3.765,3.765,3.765,19,19,19,19,OFF,OFF,0,0
806,2025.03.02 16:57:49,6,ON,ON,52.584,-2.456,0,3.767,3.767,3.767,3.767,3.767,3.767,3.767,3.767,3.767,3.767,3.767,3.767,3.767,3.767,19,19,19,19,OFF,OFF,0,0
807,2025.03.02 16:57:50,6,ON,ON,52.499,-3.123,0,3.761,3.761,3.761,3.761,3.761,3.761,3.761,3.761,3.761,3.761,3.761,3.761,3.761,3.761,19,19,19,19,OFF,OFF,0,0
808,2025.03.02 16:57:51,6,ON,ON,52.586,-2.186,0,3.763,3.763,3.763,3.763,3.763,3.763,3.763,3.763,3.763,3.763,3.763,3.763,3.763,3.763,19,19,19,19,OFF,OFF,0,0
809,2025.03.02 16:57:52,6,ON,ON,52.574,-1.923,0,3.762,3.762,3.762,3.762,3.762,3.762,3.762,3.762,3.762,3.762,3.762,3.762,3.762,3.762,19,19,19,19,OFF,OFF,0,0
810,2025.03.02 16:57:53,6,ON,ON,52.628,-1.831,0,3.765,3.765,3.765,3.765,3.765,3.765,3.765,3.765,3.765,3.765,3.765,3.765,3.765,3.765,19,19,19,19,OFF,OFF,0,0
811,2025.03.02 16:57:54,6,ON,ON,52.549,-2.643,0,3.761,3.761,3.761,3.761,3.761,3.761,3.761,3.761,3.761,3.761,3.761,3.761,3.761,3.761,19,19,19,19,OFF,OFF,0,0
812,2025.03.02 16:57:55,6,ON,ON,52.558,-2.513,0,3.755,3.755,3.755,3.755,3.755,3.755,3.755,3.755,3.755,3.755,3.755,3.755,3.755,3.755,19,19,19,19,OFF,OFF,0,0
813,2025.03.02 16:57:56,6,ON,ON,52.506,-2.634,0,3.762,3.762,3.762,3.762,3.762,3.762,3.762,3.762,3.762,3.762,3.762,3.762,3.762,3.762,19,19,19,19,OFF,OFF,0,0
814,2025.03.02 16:57:57,6,ON,ON,52.551,-1.856,0,3.761,3.761,3.761,3.761,3.761,3.761,3.761,3.761,3.761,3.761,3.761,3.761,3.761,3.761,19,19,19,19,OFF,OFF,0,0
815,2025.03.02 16:57:58,6,ON,ON,52.608,-2.091,0,3.766,3.766,3.766,3.766,3.766,3.766,3.766,3.766,3.766,3.766,3.766,3.766,3.766,3.766,19,19,19,19,OFF,OFF,0,0
816,2025.03.02 16:57:59,6,ON,ON,52.588,-2.253,0,3.765,3.765,3.765,3.765,3.765,3.765,3.765,3.765,3.765,3.765,3.765,3.765,3.765,3.765,19,19,19,19,OFF,OFF,0,0
817,2025.03.02 16:58:00,6,ON,ON,52.611,-1.834,0,3.766,3.766,3.766,3.766,3.766,3.766,3.766,3.766,3.766,3.766,3.766,3.766,3.766,3.766,19,19,19,19,OFF,OFF,0,0
818,2025.03.02 16:58:01,6,ON,ON,52.6,-2.129,0,3.766,3.766,3.766,3.766,3.766,3.766,3.766,3.766,3.766,3.766,3.766,3.766,3.766,3.766,19,19,19,19,OFF,OFF,0,0
819,2025.03.02 16:58:02,6,ON,ON,52.638,-1.904,0,3.768,3.768,3.768,3.768,3.768,3.768,3.768,3.768,3.768,3.768,3.768,3.768,3.768,3.768,19,19,19,19,OFF,OFF,0,0
820,2025.03.02 16:58:03,6,ON,ON,52.619,-1.967,0,3.767,3.767,3.767,3.767,3.767,3.767,3.767,3.767,3.767,3.767,3.767,3.767,3.767,3.767,19,19,19,19,OFF,OFF,0,0
821,2025.03.02 16:58:04,6,ON,ON,52.619,-1.967,0,3.767,3.767,3.767,3.767,3.767,3.767,3.767,3.767,3.767,3.767,3.767,3.767,3.767,3.767,19,19,19,19,OFF,OFF,0,0
822,2025.03.02 16:58:05,6,ON,ON,52.602,-2.281,0,3.766,3.766,3.766,3.766,3.766,3.766,3.766,3.766,3.766,3.766,3.766,3.766,3.766,3.766,19,19,19,19,OFF,OFF,0,0
823,2025.03.02 16:58:06,6,ON,ON,52.615,-2.047,0,3.763,3.763,3.763,3.763,3.763,3.763,3.763,3.763,3.763,3.763,3.763,3.763,3.763,3.763,19,19,19,19,OFF,OFF,0,0
824,2025.03.02 16:58:07,6,ON,ON,52.695,-1.444,0,3.772,3.772,3.772,3.772,3.772,3.772,3.772,3.772,3.772,3.772,3.772,3.772,3.772,3.772,19,19,19,19,OFF,OFF,0,0
825,2025.03.02 16:58:08,6,ON,ON,52.659,-1.647,0,3.767,3.767,3.767,3.767,3.767,3.767,3.767,3.767,3.767,3.767,3.767,3.767,3.767,3.767,19,19,19,19,OFF,OFF,0,0
826,2025.03.02 16:58:09,6,ON,ON,52.633,-1.799,0,3.766,3.766,3.766,3.766,3.766,3.766,3.766,3.766,3.766,3.766,3.766,3.766,3.766,3.766,19,19,19,19,OFF,OFF,0,0
827,2025.03.02 16:58:10,6,ON,ON,52.654,-1.666,0,3.769,3.769,3.769,3.769,3.769,3.769,3.769,3.769,3.769,3.769,3.769,3.769,3.769,3.769,19,19,19,19,OFF,OFF,0,0
828,2025.03.02 16:58:11,6,ON,ON,52.62,-1.996,0,3.768,3.768,3.768,3.768,3.768,3.768,3.768,3.768,3.768,3.768,3.768,3.768,3.768,3.768,19,19,19,19,OFF,OFF,0,0
829,2025.03.02 16:58:12,6,ON,ON,52.613,-1.951,0,3.764,3.764,3.764,3.764,3.764,3.764,3.764,3.764,3.764,3.764,3.764,3.764,3.764,3.764,19,19,19,19,OFF,OFF,0,0
830,2025.03.02 16:58:13,6,ON,ON,52.584,-2.748,0,3.765,3.765,3.765,3.765,3.765,3.765,3.765,3.765,3.765,3.765,3.765,3.765,3.765,3.765,19,19,19,19,OFF,OFF,0,0
831,2025.03.02 16:58:14,6,ON,ON,52.526,-2.437,0,3.765,3.765,3.765,3.765,3.765,3.765,3.765,3.765,3.765,3.765,3.765,3.765,3.765,3.765,19,19,19,19,OFF,OFF,0,0
832,2025.03.02 16:58:15,6,ON,ON,52.605,-2.243,0,3.765,3.765,3.765,3.765,3.765,3.765,3.765,3.765,3.765,3.765,3.765,3.765,3.765,3.765,19,19,19,19,OFF,OFF,0,0
833,2025.03.02 16:58:16,6,ON,ON,52.54,-2.815,0,3.763,3.763,3.763,3.763,3.763,3.763,3.763,3.763,3.763,3.763,3.763,3.763,3.763,3.763,19,19,19,19,OFF,OFF,0,0
834,2025.03.02 16:58:17,6,ON,ON,52.528,-2.316,0,3.756,3.756,3.756,3.756,3.756,3.756,3.756,3.756,3.756,3.756,3.756,3.756,3.756,3.756,19,19,19,19,OFF,OFF,0,0
835,2025.03.02 16:58:18,6,ON,ON,52.551,-2.494,0,3.764,3.764,3.764,3.764,3.764,3.764,3.764,3.764,3.764,3.764,3.764,3.764,3.764,3.764,19,19,19,19,OFF,OFF,0,0
836,2025.03.02 16:58:19,6,ON,ON,52.581,-2.034,0,3.766,3.766,3.766,3.766,3.766,3.766,3.766,3.766,3.766,3.766,3.766,3.766,3.766,3.766,19,19,19,19,OFF,OFF,0,0
837,2025.03.02 16:58:20,6,ON,ON,52.627,-1.783,0,3.765,3.765,3.765,3.765,3.765,3.765,3.765,3.765,3.765,3.765,3.765,3.765,3.765,3.765,19,19,19,19,OFF,OFF,0,0
838,2025.03.02 16:58:21,6,ON,ON,52.516,-3.113,0,3.755,3.755,3.755,3.755,3.755,3.755,3.755,3.755,3.755,3.755,3.755,3.755,3.755,3.755,19,19,19,19,OFF,OFF,0,0
839,2025.03.02 16:58:22,6,ON,ON,52.592,-2.199,0,3.762,3.762,3.762,3.762,3.762,3.762,3.762,3.762,3.762,3.762,3.762,3.762,3.762,3.762,19,19,19,19,OFF,OFF,0,0
840,2025.03.02 16:58:23,6,ON,ON,52.546,-2.491,0,3.757,3.757,3.757,3.757,3.757,3.757,3.757,3.757,3.757,3.757,3.757,3.757,3.757,3.757,19,19,19,19,OFF,OFF,0,0
841,2025.03.02 16:58:24,6,ON,ON,52.546,-2.491,0,3.757,3.757,3.757,3.757,3.757,3.757,3.757,3.757,3.757,3.757,3.757,3.757,3.757,3.757,19,19,19,19,OFF,OFF,0,0
842,2025.03.02 16:58:25,6,ON,ON,52.486,-2.875,0,3.753,3.753,3.753,3.753,3.753,3.753,3.753,3.753,3.753,3.753,3.753,3.753,3.753,3.753,19,19,19,19,OFF,OFF,0,0
843,2025.03.02 16:58:26,6,ON,ON,52.525,-2.666,0,3.762,3.762,3.762,3.762,3.762,3.762,3.762,3.762,3.762,3.762,3.762,3.762,3.762,3.762,19,19,19,19,OFF,OFF,0,0
844,2025.03.02 16:58:27,6,ON,ON,52.554,-2.304,0,3.76,3.76,3.76,3.76,3.76,3.76,3.76,3.76,3.76,3.76,3.76,3.76,3.76,3.76,19,19,19,19,OFF,OFF,0,0
845,2025.03.02 16:58:28,6,ON,ON,52.508,-2.247,0,3.764,3.764,3.764,3.764,3.764,3.764,3.764,3.764,3.764,3.764,3.764,3.764,3.764,3.764,19,19,19,19,OFF,OFF,0,0
846,2025.03.02 16:58:29,6,ON,ON,52.521,-2.516,0,3.764,3.764,3.764,3.764,3.764,3.764,3.764,3.764,3.764,3.764,3.764,3.764,3.764,3.764,19,19,19,19,OFF,OFF,0,0
847,2025.03.02 16:58:30,6,ON,ON,52.535,-2.208,0,3.76,3.76,3.76,3.76,3.76,3.76,3.76,3.76,3.76,3.76,3.76,3.76,3.76,3.76,19,19,19,19,OFF,OFF,0,0
848,2025.03.02 16:58:31,6,ON,ON,52.562,-2.323,0,3.764,3.764,3.764,3.764,3.764,3.764,3.764,3.764,3.764,3.764,3.764,3.764,3.764,3.764,19,19,19,19,OFF,OFF,0,0
849,2025.03.02 16:58:32,6,ON,ON,52.557,-2.082,0,3.76,3.76,3.76,3.76,3.76,3.76,3.76,3.76,3.76,3.76,3.76,3.76,3.76,3.76,19,19,19,19,OFF,OFF,0,0
850,2025.03.02 16:58:33,6,ON,ON,52.58,-1.802,0,3.764,3.764,3.764,3.764,3.764,3.764,3.764,3.764,3.764,3.764,3.764,3.764,3.764,3.764,19,19,19,19,OFF,OFF,0,0
851,2025.03.02 16:58:34,6,ON,ON,52.547,-2.447,0,3.753,3.753,3.753,3.753,3.753,3.753,3.753,3.753,3.753,3.753,3.753,3.753,3.753,3.753,19,19,19,19,OFF,OFF,0,0
852,2025.03.02 16:58:35,6,ON,ON,52.585,-2.104,0,3.764,3.764,3.764,3.764,3.764,3.764,3.764,3.764,3.764,3.764,3.764,3.764,3.764,3.764,19,19,19,19,OFF,OFF,0,0
853,2025.03.02 16:58:36,6,ON,ON,52.579,-2.17,0,3.764,3.764,3.764,3.764,3.764,3.764,3.764,3.764,3.764,3.764,3.764,3.764,3.764,3.764,19,19,19,19,OFF,OFF,0,0
854,2025.03.02 16:58:37,6,ON,ON,52.498,-2.627,0,3.765,3.765,3.765,3.765,3.765,3.765,3.765,3.765,3.765,3.765,3.765,3.765,3.765,3.765,19,19,19,19,OFF,OFF,0,0
855,2025.03.02 16:58:38,6,ON,ON,52.602,-2.135,0,3.762,3.762,3.762,3.762,3.762,3.762,3.762,3.762,3.762,3.762,3.762,3.762,3.762,3.762,19,19,19,19,OFF,OFF,0,0
856,2025.03.02 16:58:39,6,ON,ON,52.549,-2.145,0,3.761,3.761,3.761,3.761,3.761,3.761,3.761,3.761,3.761,3.761,3.761,3.761,3.761,3.761,19,19,19,19,OFF,OFF,0,0
857,2025.03.02 16:58:40,6,ON,ON,52.558,-2.221,0,3.755,3.755,3.755,3.755,3.755,3.755,3.755,3.755,3.755,3.755,3.755,3.755,3.755,3.755,19,19,19,19,OFF,OFF,0,0
858,2025.03.02 16:58:41,6,ON,ON,52.596,-2.078,0,3.765,3.765,3.765,3.765,3.765,3.765,3.765,3.765,3.765,3.765,3.765,3.765,3.765,3.765,19,19,19,19,OFF,OFF,0,0
859,2025.03.02 16:58:42,6,ON,ON,52.613,-1.98,0,3.765,3.765,3.765,3.765,3.765,3.765,3.765,3.765,3.765,3.765,3.765,3.765,3.765,3.765,19,19,19,19,OFF,OFF,0,0
860,2025.03.02 16:58:43,6,ON,ON,52.61,-1.872,0,3.763,3.763,3.763,3.763,3.763,3.763,3.763,3.763,3.763,3.763,3.763,3.763,3.763,3.763,19,19,19,19,OFF,OFF,0,0
861,2025.03.02 16:58:44,6,ON,ON,52.598,-2.018,0,3.762,3.762,3.762,3.762,3.762,3.762,3.762,3.762,3.762,3.762,3.762,3.762,3.762,3.762,19,19,19,19,OFF,OFF,0,0
862,2025.03.02 16:58:45,6,ON,ON,52.467,-2.685,0,3.763,3.763,3.763,3.763,3.763,3.763,3.763,3.763,3.763,3.763,3.763,3.763,3.763,3.763,19,19,19,19,OFF,OFF,0,0
863,2025.03.02 16:58:46,6,ON,ON,52.526,-2.564,0,3.761,3.761,3.761,3.761,3.761,3.761,3.761,3.761,3.761,3.761,3.761,3.761,3.761,3.761,19,19,19,19,OFF,OFF,0,0
864,2025.03.02 16:58:47,6,ON,ON,52.526,-2.564,0,3.761,3.761,3.761,3.761,3.761,3.761,3.761,3.761,3.761,3.761,3.761,3.761,3.761,3.761,19,19,19,19,OFF,OFF,0,0
865,2025.03.02 16:58:48,6,ON,ON,52.62,-1.742,0,3.767,3.767,3.767,3.767,3.767,3.767,3.767,3.767,3.767,3.767,3.767,3.767,3.767,3.767,19,19,19,19,OFF,OFF,0,0
866,2025.03.02 16:58:49,6,ON,ON,52.539,-2.183,0,3.761,3.761,3.761,3.761,3.761,3.761,3.761,3.761,3.761,3.761,3.761,3.761,3.761,3.761,19,19,19,19,OFF,OFF,0,0
867,2025.03.02 16:58:50,6,ON,ON,52.507,-2.535,0,3.764,3.764,3.764,3.764,3.764,3.764,3.764,3.764,3.764,3.764,3.764,3.764,3.764,3.764,19,19,19,19,OFF,OFF,0,0
868,2025.03.02 16:58:51,6,ON,ON,52.609,-1.926,0,3.764,3.764,3.764,3.764,3.764,3.764,3.764,3.764,3.764,3.764,3.764,3.764,3.764,3.764,19,19,19,19,OFF,OFF,0,0
869,2025.03.02 16:58:52,6,ON,ON,52.525,-2.773,0,3.751,3.751,3.751,3.751,3.751,3.751,3.751,3.751,3.751,3.751,3.751,3.751,3.751,3.751,19,19,19,19,OFF,OFF,0,0
870,2025.03.02 16:58:53,6,ON,ON,52.566,-1.847,0,3.766,3.766,3.766,3.766,3.766,3.766,3.766,3.766,3.766,3.766,3.766,3.766,3.766,3.766,19,19,19,19,OFF,OFF,0,0
871,2025.03.02 16:58:54,6,ON,ON,52.492,-3.3,0,3.753,3.753,3.753,3.753,3.753,3.753,3.753,3.753,3.753,3.753,3.753,3.753,3.753,3.753,19,19,19,19,OFF,OFF,0,0
872,2025.03.02 16:58:55,6,ON,ON,52.459,-3.411,0,3.747,3.747,3.747,3.747,3.747,3.747,3.747,3.747,3.747,3.747,3.747,3.747,3.747,3.747,19,19,19,19,OFF,OFF,0,0
873,2025.03.02 16:58:56,6,ON,ON,52.443,-3.478,0,3.75,3.75,3.75,3.75,3.75,3.75,3.75,3.75,3.75,3.75,3.75,3.75,3.75,3.75,19,19,19,19,OFF,OFF,0,0
874,2025.03.02 16:58:57,6,ON,ON,52.487,-2.929,0,3.756,3.756,3.756,3.756,3.756,3.756,3.756,3.756,3.756,3.756,3.756,3.756,3.756,3.756,19,19,19,19,OFF,OFF,0,0
875,2025.03.02 16:58:58,6,ON,ON,52.392,-3.243,0,3.753,3.753,3.753,3.753,3.753,3.753,3.753,3.753,3.753,3.753,3.753,3.753,3.753,3.753,19,19,19,19,OFF,OFF,0,0
876,2025.03.02 16:58:59,6,ON,ON,52.519,-2.624,0,3.763,3.763,3.763,3.763,3.763,3.763,3.763,3.763,3.763,3.763,3.763,3.763,3.763,3.763,19,19,19,19,OFF,OFF,0,0
877,2025.03.02 16:59:00,6,ON,ON,52.371,-3.376,0,3.752,3.752,3.752,3.752,3.752,3.752,3.752,3.752,3.752,3.752,3.752,3.752,3.752,3.752,19,19,19,19,OFF,OFF,0,0
878,2025.03.02 16:59:01,6,ON,ON,52.458,-2.583,0,3.75,3.75,3.75,3.75,3.75,3.75,3.75,3.75,3.75,3.75,3.75,3.75,3.75,3.75,19,19,19,19,OFF,OFF,0,0
879,2025.03.02 16:59:02,6,ON,ON,52.467,-2.859,0,3.758,3.758,3.758,3.758,3.758,3.758,3.758,3.758,3.758,3.758,3.758,3.758,3.758,3.758,19,19,19,19,OFF,OFF,0,0
880,2025.03.02 16:59:03,6,ON,ON,52.402,-2.7,0,3.75,3.75,3.75,3.75,3.75,3.75,3.75,3.75,3.75,3.75,3.75,3.75,3.75,3.75,19,19,19,19,OFF,OFF,0,0
881,2025.03.02 16:59:04,6,ON,ON,52.426,-3.313,0,3.747,3.747,3.747,3.747,3.747,3.747,3.747,3.747,3.747,3.747,3.747,3.747,3.747,3.747,19,19,19,19,OFF,OFF,0,0
882,2025.03.02 16:59:05,6,ON,ON,52.448,-2.393,0,3.746,3.746,3.746,3.746,3.746,3.746,3.746,3.746,3.746,3.746,3.746,3.746,3.746,3.746,19,19,19,19,OFF,OFF,0,0
883,2025.03.02 16:59:06,6,ON,ON,52.433,-2.888,0,3.749,3.749,3.749,3.749,3.749,3.749,3.749,3.749,3.749,3.749,3.749,3.749,3.749,3.749,19,19,19,19,OFF,OFF,0,0
884,2025.03.02 16:59:07,6,ON,ON,52.494,-2.561,0,3.749,3.749,3.749,3.749,3.749,3.749,3.749,3.749,3.749,3.749,3.749,3.749,3.749,3.749,19,19,19,19,OFF,OFF,0,0
885,2025.03.02 16:59:08,6,ON,ON,52.419,-3.494,0,3.749,3.749,3.749,3.749,3.749,3.749,3.749,3.749,3.749,3.749,3.749,3.749,3.749,3.749,19,19,19,19,OFF,OFF,0,0
886,2025.03.02 16:59:09,6,ON,ON,52.419,-3.494,0,3.749,3.749,3.749,3.749,3.749,3.749,3.749,3.749,3.749,3.749,3.749,3.749,3.749,3.749,19,19,19,19,OFF,OFF,0,0
887,2025.03.02 16:59:10,6,ON,ON,52.387,-3.345,0,3.746,3.746,3.746,3.746,3.746,3.746,3.746,3.746,3.746,3.746,3.746,3.746,3.746,3.746,19,19,19,19,OFF,OFF,0,0
888,2025.03.02 16:59:11,6,ON,ON,52.342,-3.795,0,3.747,3.747,3.747,3.747,3.747,3.747,3.747,3.747,3.747,3.747,3.747,3.747,3.747,3.747,19,19,19,19,OFF,OFF,0,0
889,2025.03.02 16:59:12,6,ON,ON,52.478,-1.828,0,3.77,3.77,3.77,3.77,3.77,3.77,3.77,3.77,3.77,3.77,3.77,3.77,3.77,3.77,19,19,19,19,OFF,OFF,0,0
890,2025.03.02 16:59:13,6,ON,ON,52.307,-4.233,0,3.741,3.741,3.741,3.741,3.741,3.741,3.741,3.741,3.741,3.741,3.741,3.741,3.741,3.741,19,19,19,19,OFF,OFF,0,0
891,2025.03.02 16:59:14,6,ON,ON,52.264,-3.799,0,3.743,3.743,3.743,3.743,3.743,3.743,3.743,3.743,3.743,3.743,3.743,3.743,3.743,3.743,19,19,19,19,OFF,OFF,0,0
892,2025.03.02 16:59:15,6,ON,ON,52.202,-4.125,0,3.739,3.739,3.739,3.739,3.739,3.739,3.739,3.739,3.739,3.739,3.739,3.739,3.739,3.739,19,19,19,19,OFF,OFF,0,0
893,2025.03.02 16:59:16,6,ON,ON,52.17,-4.329,0,3.733,3.733,3.733,3.733,3.733,3.733,3.733,3.733,3.733,3.733,3.733,3.733,3.733,3.733,19,19,19,19,OFF,OFF,0,0
894,2025.03.02 16:59:17,6,ON,ON,52.105,-4.697,0,3.734,3.734,3.734,3.734,3.734,3.734,3.734,3.734,3.734,3.734,3.734,3.734,3.734,3.734,19,19,19,19,OFF,OFF,0,0
895,2025.03.02 16:59:18,6,ON,ON,52.139,-4.405,0,3.736,3.736,3.736,3.736,3.736,3.736,3.736,3.736,3.736,3.736,3.736,3.736,3.736,3.736,19,19,19,19,OFF,OFF,0,0
896,2025.03.02 16:59:19,6,ON,ON,52.272,-3.903,0,3.752,3.752,3.752,3.752,3.752,3.752,3.752,3.752,3.752,3.752,3.752,3.752,3.752,3.752,19,19,19,19,OFF,OFF,0,0
897,2025.03.02 16:59:20,6,ON,ON,52.11,-4.319,0,3.743,3.743,3.743,3.743,3.743,3.743,3.743,3.743,3.743,3.743,3.743,3.743,3.743,3.743,19,19,19,19,OFF,OFF,0,0
898,2025.03.02 16:59:21,6,ON,ON,52.076,-4.76,0,3.733,3.733,3.733,3.733,3.733,3.733,3.733,3.733,3.733,3.733,3.733,3.733,3.733,3.733,19,19,19,19,OFF,OFF,0,0
899,2025.03.02 16:59:22,6,ON,ON,52.127,-4.462,0,3.734,3.734,3.734,3.734,3.734,3.734,3.734,3.734,3.734,3.734,3.734,3.734,3.734,3.734,19,19,19,19,OFF,OFF,0,0
900,2025.03.02 16:59:23,6,ON,ON,52.239,-4.011,0,3.739,3.739,3.739,3.739,3.739,3.739,3.739,3.739,3.739,3.739,3.739,3.739,3.739,3.739,19,19,19,19,OFF,OFF,0,0
901,2025.03.02 16:59:24,6,ON,ON,52.191,-4.113,0,3.725,3.725,3.725,3.725,3.725,3.725,3.725,3.725,3.725,3.725,3.725,3.725,3.725,3.725,19,19,19,19,OFF,OFF,0,0
902,2025.03.02 16:59:25,6,ON,ON,52.194,-4.027,0,3.736,3.736,3.736,3.736,3.736,3.736,3.736,3.736,3.736,3.736,3.736,3.736,3.736,3.736,19,19,19,19,OFF,OFF,0,0
903,2025.03.02 16:59:27,6,ON,ON,52.101,-4.925,0,3.733,3.733,3.733,3.733,3.733,3.733,3.733,3.733,3.733,3.733,3.733,3.733,3.733,3.733,19,19,19,19,OFF,OFF,0,0
904,2025.03.02 16:59:28,6,ON,ON,52.17,-4.567,0,3.735,3.735,3.735,3.735,3.735,3.735,3.735,3.735,3.735,3.735,3.735,3.735,3.735,3.735,19,19,19,19,OFF,OFF,0,0
905,2025.03.02 16:59:29,6,ON,ON,52.149,-4.116,0,3.735,3.735,3.735,3.735,3.735,3.735,3.735,3.735,3.735,3.735,3.735,3.735,3.735,3.735,19,19,19,19,OFF,OFF,0,0
906,2025.03.02 16:59:30,6,ON,ON,52.149,-4.116,0,3.735,3.735,3.735,3.735,3.735,3.735,3.735,3.735,3.735,3.735,3.735,3.735,3.735,3.735,19,19,19,19,OFF,OFF,0,0
907,2025.03.02 16:59:31,6,ON,ON,52.182,-3.891,0,3.737,3.737,3.737,3.737,3.737,3.737,3.737,3.737,3.737,3.737,3.737,3.737,3.737,3.737,19,19,19,19,OFF,OFF,0,0
908,2025.03.02 16:59:32,6,ON,ON,52.098,-4.57,0,3.728,3.728,3.728,3.728,3.728,3.728,3.728,3.728,3.728,3.728,3.728,3.728,3.728,3.728,19,19,19,19,OFF,OFF,0,0
909,2025.03.02 16:59:33,6,ON,ON,52.209,-4.452,0,3.73,3.73,3.73,3.73,3.73,3.73,3.73,3.73,3.73,3.73,3.73,3.73,3.73,3.73,19,19,19,19,OFF,OFF,0,0
910,2025.03.02 16:59:34,6,ON,ON,52.225,-3.031,0,3.736,3.736,3.736,3.736,3.736,3.736,3.736,3.736,3.736,3.736,3.736,3.736,3.736,3.736,19,19,19,19,OFF,OFF,0,0
911,2025.03.02 16:59:35,6,ON,ON,52.287,-3.386,0,3.744,3.744,3.744,3.744,3.744,3.744,3.744,3.744,3.744,3.744,3.744,3.744,3.744,3.744,19,19,19,19,OFF,OFF,0,0
912,2025.03.02 16:59:36,6,ON,ON,52.191,-3.694,0,3.734,3.734,3.734,3.734,3.734,3.734,3.734,3.734,3.734,3.734,3.734,3.734,3.734,3.734,19,19,19,19,OFF,OFF,0,0
913,2025.03.02 16:59:37,6,ON,ON,52.227,-3.624,0,3.739,3.739,3.739,3.739,3.739,3.739,3.739,3.739,3.739,3.739,3.739,3.739,3.739,3.739,19,19,19,19,OFF,OFF,0,0
914,2025.03.02 16:59:38,6,ON,ON,52.141,-4.322,0,3.738,3.738,3.738,3.738,3.738,3.738,3.738,3.738,3.738,3.738,3.738,3.738,3.738,3.738,19,19,19,19,OFF,OFF,0,0
915,2025.03.02 16:59:39,6,ON,ON,52.039,-3.484,0,3.727,3.727,3.727,3.727,3.727,3.727,3.727,3.727,3.727,3.727,3.727,3.727,3.727,3.727,19,19,19,19,OFF,OFF,0,0
916,2025.03.02 16:59:40,6,ON,ON,52.171,-3.986,0,3.735,3.735,3.735,3.735,3.735,3.735,3.735,3.735,3.735,3.735,3.735,3.735,3.735,3.735,19,19,19,19,OFF,OFF,0,0
917,2025.03.02 16:59:41,6,ON,ON,52.237,-3.478,0,3.741,3.741,3.741,3.741,3.741,3.741,3.741,3.741,3.741,3.741,3.741,3.741,3.741,3.741,19,19,19,19,OFF,OFF,0,0
918,2025.03.02 16:59:42,6,ON,ON,52.072,-4.64,0,3.73,3.73,3.73,3.73,3.73,3.73,3.73,3.73,3.73,3.73,3.73,3.73,3.73,3.73,19,19,19,19,OFF,OFF,0,0
919,2025.03.02 16:59:43,6,ON,ON,52.165,-4.227,0,3.739,3.739,3.739,3.739,3.739,3.739,3.739,3.739,3.739,3.739,3.739,3.739,3.739,3.739,19,19,19,19,OFF,OFF,0,0
920,2025.03.02 16:59:44,6,ON,ON,52.249,-2.837,0,3.737,3.737,3.737,3.737,3.737,3.737,3.737,3.737,3.737,3.737,3.737,3.737,3.737,3.737,19,19,19,19,OFF,OFF,0,0
921,2025.03.02 16:59:45,6,ON,ON,52.172,-4.398,0,3.729,3.729,3.729,3.729,3.729,3.729,3.729,3.729,3.729,3.729,3.729,3.729,3.729,3.729,19,19,19,19,OFF,OFF,0,0
922,2025.03.02 16:59:46,6,ON,ON,52.115,-4.132,0,3.728,3.728,3.728,3.728,3.728,3.728,3.728,3.728,3.728,3.728,3.728,3.728,3.728,3.728,19,19,19,19,OFF,OFF,0,0
923,2025.03.02 16:59:47,6,ON,ON,52.226,-2.989,0,3.738,3.738,3.738,3.738,3.738,3.738,3.738,3.738,3.738,3.738,3.738,3.738,3.738,3.738,19,19,19,19,OFF,OFF,0,0
924,2025.03.02 16:59:48,6,ON,ON,52.22,-3.427,0,3.737,3.737,3.737,3.737,3.737,3.737,3.737,3.737,3.737,3.737,3.737,3.737,3.737,3.737,19,19,19,19,OFF,OFF,0,0
925,2025.03.02 16:59:49,6,ON,ON,52.146,-4.202,0,3.734,3.734,3.734,3.734,3.734,3.734,3.734,3.734,3.734,3.734,3.734,3.734,3.734,3.734,19,19,19,19,OFF,OFF,0,0
926,2025.03.02 16:59:50,6,ON,ON,52.168,-4.046,0,3.733,3.733,3.733,3.733,3.733,3.733,3.733,3.733,3.733,3.733,3.733,3.733,3.733,3.733,19,19,19,19,OFF,OFF,0,0
927,2025.03.02 16:59:51,6,ON,ON,52.168,-4.046,0,3.733,3.733,3.733,3.733,3.733,3.733,3.733,3.733,3.733,3.733,3.733,3.733,3.733,3.733,19,19,19,19,OFF,OFF,0,0
928,2025.03.02 16:59:52,6,ON,ON,52.19,-3.649,0,3.736,3.736,3.736,3.736,3.736,3.736,3.736,3.736,3.736,3.736,3.736,3.736,3.736,3.736,19,19,19,19,OFF,OFF,0,0
929,2025.03.02 16:59:53,6,ON,ON,52.134,-4.097,0,3.739,3.739,3.739,3.739,3.739,3.739,3.739,3.739,3.739,3.739,3.739,3.739,3.739,3.739,19,19,19,19,OFF,OFF,0,0
930,2025.03.02 16:59:54,6,ON,ON,52.127,-3.9,0,3.736,3.736,3.736,3.736,3.736,3.736,3.736,3.736,3.736,3.736,3.736,3.736,3.736,3.736,19,19,19,19,OFF,OFF,0,0
931,2025.03.02 16:59:55,6,ON,ON,52.194,-3.719,0,3.741,3.741,3.741,3.741,3.741,3.741,3.741,3.741,3.741,3.741,3.741,3.741,3.741,3.741,19,19,19,19,OFF,OFF,0,0
932,2025.03.02 16:59:56,6,ON,ON,52.263,-3.161,0,3.737,3.737,3.737,3.737,3.737,3.737,3.737,3.737,3.737,3.737,3.737,3.737,3.737,3.737,19,19,19,19,OFF,OFF,0,0
933,2025.03.02 16:59:57,6,ON,ON,52.32,-2.615,0,3.746,3.746,3.746,3.746,3.746,3.746,3.746,3.746,3.746,3.746,3.746,3.746,3.746,3.746,19,19,19,19,OFF,OFF,0,0
934,2025.03.02 16:59:58,6,ON,ON,52.244,-2.935,0,3.747,3.747,3.747,3.747,3.747,3.747,3.747,3.747,3.747,3.747,3.747,3.747,3.747,3.747,19,19,19,19,OFF,OFF,0,0
935,2025.03.02 16:59:59,6,ON,ON,52.076,-4.119,0,3.724,3.724,3.724,3.724,3.724,3.724,3.724,3.724,3.724,3.724,3.724,3.724,3.724,3.724,19,19,19,19,OFF,OFF,0,0
936,2025.03.02 17:00:00,6,ON,ON,52.188,-3.605,0,3.732,3.732,3.732,3.732,3.732,3.732,3.732,3.732,3.732,3.732,3.732,3.732,3.732,3.732,19,19,19,19,OFF,OFF,0,0
937,2025.03.02 17:00:01,6,ON,ON,52.193,-3.548,0,3.734,3.734,3.734,3.734,3.734,3.734,3.734,3.734,3.734,3.734,3.734,3.734,3.734,3.734,19,19,19,19,OFF,OFF,0,0
938,2025.03.02 17:00:02,6,ON,ON,52.152,-4.325,0,3.728,3.728,3.728,3.728,3.728,3.728,3.728,3.728,3.728,3.728,3.728,3.728,3.728,3.728,19,19,19,19,OFF,OFF,0,0
939,2025.03.02 17:00:03,6,ON,ON,52.176,-3.668,0,3.739,3.739,3.739,3.739,3.739,3.739,3.739,3.739,3.739,3.739,3.739,3.739,3.739,3.739,19,19,19,19,OFF,OFF,0,0
940,2025.03.02 17:00:04,6,ON,ON,52.016,-4.598,0,3.725,3.725,3.725,3.725,3.725,3.725,3.725,3.725,3.725,3.725,3.725,3.725,3.725,3.725,19,19,19,19,OFF,OFF,0,0
941,2025.03.02 17:00:05,6,ON,ON,52.058,-4.17,0,3.73,3.73,3.73,3.73,3.73,3.73,3.73,3.73,3.73,3.73,3.73,3.73,3.73,3.73,19,19,19,19,OFF,OFF,0,0
942,2025.03.02 17:00:06,6,ON,ON,52.107,-3.875,0,3.726,3.726,3.726,3.726,3.726,3.726,3.726,3.726,3.726,3.726,3.726,3.726,3.726,3.726,19,19,19,19,OFF,OFF,0,0
943,2025.03.02 17:00:07,6,ON,ON,52.11,-3.802,0,3.73,3.73,3.73,3.73,3.73,3.73,3.73,3.73,3.73,3.73,3.73,3.73,3.73,3.73,19,19,19,19,OFF,OFF,0,0
944,2025.03.02 17:00:08,6,ON,ON,52.064,-4.367,0,3.73,3.73,3.73,3.73,3.73,3.73,3.73,3.73,3.73,3.73,3.73,3.73,3.73,3.73,19,19,19,19,OFF,OFF,0,0
945,2025.03.02 17:00:09,6,ON,ON,52.094,-4.249,0,3.727,3.727,3.727,3.727,3.727,3.727,3.727,3.727,3.727,3.727,3.727,3.727,3.727,3.727,19,19,19,19,OFF,OFF,0,0
946,2025.03.02 17:00:10,6,ON,ON,52.123,-3.687,0,3.727,3.727,3.727,3.727,3.727,3.727,3.727,3.727,3.727,3.727,3.727,3.727,3.727,3.727,19,19,19,19,OFF,OFF,0,0
947,2025.03.02 17:00:11,6,ON,ON,52.116,-3.665,0,3.725,3.725,3.725,3.725,3.725,3.725,3.725,3.725,3.725,3.725,3.725,3.725,3.725,3.725,19,19,19,19,OFF,OFF,0,0
948,2025.03.02 17:00:12,6,ON,ON,52.116,-3.665,0,3.725,3.725,3.725,3.725,3.725,3.725,3.725,3.725,3.725,3.725,3.725,3.725,3.725,3.725,19,19,19,19,OFF,OFF,0,0
949,2025.03.02 17:00:13,6,ON,ON,52.085,-4.256,0,3.728,3.728,3.728,3.728,3.728,3.728,3.728,3.728,3.728,3.728,3.728,3.728,3.728,3.728,19,19,19,19,OFF,OFF,0,0
950,2025.03.02 17:00:14,6,ON,ON,52.096,-3.611,0,3.734,3.734,3.734,3.734,3.734,3.734,3.734,3.734,3.734,3.734,3.734,3.734,3.734,3.734,19,19,19,19,OFF,OFF,0,0
951,2025.03.02 17:00:15,6,ON,ON,52.154,-3.992,0,3.731,3.731,3.731,3.731,3.731,3.731,3.731,3.731,3.731,3.731,3.731,3.731,3.731,3.731,19,19,19,19,OFF,OFF,0,0
952,2025.03.02 17:00:16,6,ON,ON,52.16,-3.71,0,3.735,3.735,3.735,3.735,3.735,3.735,3.735,3.735,3.735,3.735,3.735,3.735,3.735,3.735,19,19,19,19,OFF,OFF,0,0
953,2025.03.02 17:00:17,6,ON,ON,52.134,-3.649,0,3.731,3.731,3.731,3.731,3.731,3.731,3.731,3.731,3.731,3.731,3.731,3.731,3.731,3.731,19,19,19,19,OFF,OFF,0,0
954,2025.03.02 17:00:18,6,ON,ON,52.116,-4.16,0,3.732,3.732,3.732,3.732,3.732,3.732,3.732,3.732,3.732,3.732,3.732,3.732,3.732,3.732,19,19,19,19,OFF,OFF,0,0
955,2025.03.02 17:00:19,6,ON,ON,52.081,-4.018,0,3.732,3.732,3.732,3.732,3.732,3.732,3.732,3.732,3.732,3.732,3.732,3.732,3.732,3.732,19,19,19,19,OFF,OFF,0,0
956,2025.03.02 17:00:20,6,ON,ON,52.126,-3.465,0,3.738,3.738,3.738,3.738,3.738,3.738,3.738,3.738,3.738,3.738,3.738,3.738,3.738,3.738,19,19,19,19,OFF,OFF,0,0
957,2025.03.02 17:00:21,6,ON,ON,52.099,-3.948,0,3.728,3.728,3.728,3.728,3.728,3.728,3.728,3.728,3.728,3.728,3.728,3.728,3.728,3.728,19,19,19,19,OFF,OFF,0,0
958,2025.03.02 17:00:22,6,ON,ON,52.117,-3.764,0,3.73,3.73,3.73,3.73,3.73,3.73,3.73,3.73,3.73,3.73,3.73,3.73,3.73,3.73,19,19,19,19,OFF,OFF,0,0
959,2025.03.02 17:00:23,6,ON,ON,52.097,-4.1,0,3.728,3.728,3.728,3.728,3.728,3.728,3.728,3.728,3.728,3.728,3.728,3.728,3.728,3.728,19,19,19,19,OFF,OFF,0,0
960,2025.03.02 17:00:24,6,ON,ON,52.149,-3.269,0,3.735,3.735,3.735,3.735,3.735,3.735,3.735,3.735,3.735,3.735,3.735,3.735,3.735,3.735,19,19,19,19,OFF,OFF,0,0
961,2025.03.02 17:00:25,6,ON,ON,52.091,-3.814,0,3.729,3.729,3.729,3.729,3.729,3.729,3.729,3.729,3.729,3.729,3.729,3.729,3.729,3.729,19,19,19,19,OFF,OFF,0,0
962,2025.03.02 17:00:26,6,ON,ON,52.089,-3.805,0,3.73,3.73,3.73,3.73,3.73,3.73,3.73,3.73,3.73,3.73,3.73,3.73,3.73,3.73,19,19,19,19,OFF,OFF,0,0
963,2025.03.02 17:00:27,6,ON,ON,52.143,-3.522,0,3.731,3.731,3.731,3.731,3.731,3.731,3.731,3.731,3.731,3.731,3.731,3.731,3.731,3.731,19,19,19,19,OFF,OFF,0,0
964,2025.03.02 17:00:28,6,ON,ON,52.079,-4.132,0,3.719,3.719,3.719,3.719,3.719,3.719,3.719,3.719,3.719,3.719,3.719,3.719,3.719,3.719,19,19,19,19,OFF,OFF,0,0
965,2025.03.02 17:00:29,6,ON,ON,52.105,-3.764,0,3.73,3.73,3.73,3.73,3.73,3.73,3.73,3.73,3.73,3.73,3.73,3.73,3.73,3.73,19,19,19,19,OFF,OFF,0,0
966,2025.03.02 17:00:30,6,ON,ON,51.987,-4.802,0,3.727,3.727,3.727,3.727,3.727,3.727,3.727,3.727,3.727,3.727,3.727,3.727,3.727,3.727,19,19,19,19,OFF,OFF,0,0
967,2025.03.02 17:00:31,6,ON,ON,51.958,-4.668,0,3.723,3.723,3.723,3.723,3.723,3.723,3.723,3.723,3.723,3.723,3.723,3.723,3.723,3.723,19,19,19,19,OFF,OFF,0,0
968,2025.03.02 17:00:32,6,ON,ON,51.958,-4.668,0,3.723,3.723,3.723,3.723,3.723,3.723,3.723,3.723,3.723,3.723,3.723,3.723,3.723,3.723,19,19,19,19,OFF,OFF,0,0
969,2025.03.02 17:00:33,6,ON,ON,52.069,-3.951,0,3.731,3.731,3.731,3.731,3.731,3.731,3.731,3.731,3.731,3.731,3.731,3.731,3.731,3.731,19,19,19,19,OFF,OFF,0,0
970,2025.03.02 17:00:34,6,ON,ON,52.079,-4.018,0,3.734,3.734,3.734,3.734,3.734,3.734,3.734,3.734,3.734,3.734,3.734,3.734,3.734,3.734,19,19,19,19,OFF,OFF,0,0
971,2025.03.02 17:00:35,6,ON,ON,52.061,-3.288,0,3.719,3.719,3.719,3.719,3.719,3.719,3.719,3.719,3.719,3.719,3.719,3.719,3.719,3.719,19,19,19,19,OFF,OFF,0,0
972,2025.03.02 17:00:36,6,ON,ON,52.013,-4.551,0,3.726,3.726,3.726,3.726,3.726,3.726,3.726,3.726,3.726,3.726,3.726,3.726,3.726,3.726,19,19,19,19,OFF,OFF,0,0
973,2025.03.02 17:00:37,6,ON,ON,51.785,-6.15,0,3.736,3.736,3.736,3.736,3.736,3.736,3.736,3.736,3.736,3.736,3.736,3.736,3.736,3.736,19,19,19,19,OFF,OFF,0,0
974,2025.03.02 17:00:38,6,ON,ON,52.642,0,0,3.765,3.765,3.765,3.765,3.765,3.765,3.765,3.765,3.765,3.765,3.765,3.765,3.765,3.765,19,19,19,19,OFF,OFF,0,0
975,2025.03.02 17:00:39,6,ON,ON,52.662,0,0,3.767,3.767,3.767,3.767,3.767,3.767,3.767,3.767,3.767,3.767,3.767,3.767,3.767,3.767,19,19,19,19,OFF,OFF,0,0
976,2025.03.02 17:00:40,6,ON,ON,52.676,0,0,3.768,3.768,3.768,3.768,3.768,3.768,3.768,3.768,3.768,3.768,3.768,3.768,3.768,3.768,19,19,19,19,OFF,OFF,0,0
977,2025.03.02 17:00:41,6,ON,ON,52.69,0,0,3.769,3.769,3.769,3.769,3.769,3.769,3.769,3.769,3.769,3.769,3.769,3.769,3.769,3.769,19,19,19,19,OFF,OFF,0,0
